ATD_ID2,Index,Unique_ID,CVE_ID,AAD_ID,AAD_Single_ID,Description,Reference,Published_year,Safety,Financial,Operational,Privacy,Systemic,CWE_ID,CVSS3.x_vector_string,3_Base_score,3_Exploitability_score,3_Impact_score,Attack_vector,CVSS_2.0_vector_string,2_Base_score,2_Exploitability_score,2_Impact_score,Database,CVE_ID_other,Attack Base,Attack Type,Violated Security Property,Interface,Consequence,Component
ATD-1,1.0,1,CVE-2015-5611,,,"Unspecified vulnerability in Uconnect before 15.26.1, as used in certain Fiat Chrysler Automobiles (FCA) from 2013 to 2015 models, allows remote attackers in the same cellular network to control vehicle movement, cause human harm or physical damage, or modify dashboard settings via vectors related to modification of entertainment-system firmware and access of the CAN bus due to insufficient ""Radio security protection,"" as demonstrated on a 2014 Jeep Cherokee Limited FWD.",http://www.wired.com/2015/07/hackers-remotely-kill-jeep-highway/,2015.0,Yes,Yes,Yes,,Potentially Systemic,NVD-CWE-noinfo,,,,,A,AV:A/AC:L/Au:N/C:C/I:C/A:C,8.3,6.5,10.0,NVD,,,,,,,
ATD-2,2.0,2,CVE-2020-5551,,,"Toyota 2017 Model Year DCU (Display Control Unit) allows an unauthenticated attacker within Bluetooth range to cause a denial of service attack and/or execute an arbitrary command. The affected DCUs are installed in Lexus (LC, LS, NX, RC, RC F), TOYOTA CAMRY, and TOYOTA SIENNA manufactured in the regions other than Japan from Oct. 2016 to Oct. 2019. An attacker with certain knowledge on the target vehicle control system may be able to send some diagnostic commands to ECUs with some limited availability impacts; the vendor states critical vehicle controls such as driving, turning, and stopping are not affected.",https://global.toyota/en/newsroom/corporate/32120629.html,2020.0,Yes,Yes,Yes,Yes,Potentially Systemic,CWE-276,CVSS:3.1/AV:A/AC:L/PR:N/UI:N/S:U/C:H/I:H/A:H,8.8,2.8,5.9,A,AV:A/AC:M/Au:N/C:P/I:P/A:P,5.4,5.5,6.4,NVD,,,,,,,
ATD-3,3.0,3,CVE-2023-39076,,,Injecting random data into the USB memory area on a General Motors (GM) Chevrolet Equinox 2021 Software. 2021.03.26 (build version) vehicle causes a Denial of Service (DoS) in the in-car infotainment system.,https://blog.jhyeon.dev/posts/vuln/202307/gm-chevrolet/,2023.0,,Yes,Yes,,Not Systemic,NVD-CWE-noinfo,CVSS:3.1/AV:P/AC:L/PR:N/UI:N/S:U/C:N/I:N/A:H,4.6,0.9,3.6,P,,,,,NVD,,,,,,,
ATD-4,10.0,10,CVE-2022-37418,,,"The Remote Keyless Entry (RKE) receiving unit on certain Nissan, Kia, and Hyundai vehicles through 2017 allows remote attackers to perform unlock operations and force a resynchronization after capturing two consecutive valid key fob signals over the radio, aka a RollBack attack. The attacker retains the ability to unlock indefinitely.",https://www.youtube.com/playlist?list=PLYodcy84oQL1gxwiuRm13xRXxTQL9cO5t,2022.0,,Yes,Yes,,Not Systemic,CWE-294,CVSS:3.1/AV:A/AC:H/PR:N/UI:R/S:U/C:N/I:H/A:H,6.4,1.2,5.2,A,,,,,NVD,,,,,,,
ATD-5,11.0,11,CVE-2016-9337,,,"An issue was discovered in Tesla Motors Model S automobile, all firmware versions before version 7.1 (2.36.31) with web browser functionality enabled. The vehicle's Gateway ECU is susceptible to commands that may allow an attacker to install malicious software allowing the attacker to send messages to the vehicle's CAN bus, a Command Injection.",https://ics-cert.us-cert.gov/advisories/ICSA-16-341-01,2017.0,Yes,Yes,Yes,,Potentially Systemic,CWE-77,CVSS:3.0/AV:N/AC:H/PR:N/UI:R/S:U/C:N/I:H/A:H,6.8,1.6,5.2,N,AV:N/AC:H/Au:N/C:N/I:P/A:P,4.0,4.9,4.9,NVD,,,,,,,
ATD-6,15.0,15,CVE-2019-9493,,,"The MyCar Controls of AutoMobility Distribution Inc., mobile application contains hard-coded admin credentials. A remote unauthenticated attacker may be able to send commands to and retrieve data from a target MyCar unit. This may allow the attacker to learn the location of a target, or gain unauthorized physical access to a vehicle. This issue affects AutoMobility MyCar versions prior to 3.4.24 on iOS and versions prior to 4.1.2 on Android. This issue has additionally been fixed in Carlink, Link, Visions MyCar, and MyCar Kia.",https://www.kb.cert.org/vuls/id/174715/,2020.0,,,Yes,Yes,Not Systemic,CWE-798,CVSS:3.1/AV:N/AC:L/PR:N/UI:N/S:U/C:H/I:H/A:H,9.8,3.9,5.9,N,AV:N/AC:L/Au:N/C:C/I:C/A:C,10.0,10.0,10.0,NVD,,,,,,,
ATD-7,16.0,16,CVE-2020-16142,,,"On Mercedes-Benz C Class AMG Premium Plus c220 BlueTec vehicles, the Bluetooth stack mishandles %x and %c format-string specifiers in a device name in the COMAND infotainment software.",https://medium.com/%40reliable_lait_mouse_975/mercedes-comand-infotainment-improper-format-strings-handling-4c67063d744e,2020.0,,,Yes,,Not Systemic,CWE-134,CVSS:3.1/AV:A/AC:L/PR:N/UI:R/S:U/C:N/I:N/A:L,3.5,2.1,1.4,A,AV:A/AC:M/Au:N/C:N/I:N/A:P,2.9,5.5,2.9,NVD,,,,,,,
ATD-8,17.0,17,CVE-2020-29439,,,Tesla Model X vehicles before 2020-11-23 have key fobs that rely on five VIN digits for the authentication needed for a body control module (BCM) to initiate a Bluetooth wake-up action. (The full VIN is visible from outside the vehicle.),https://www.wired.com/story/tesla-model-x-hack-bluetooth/,2020.0,,,,Yes,Not Systemic,NVD-CWE-noinfo,CVSS:3.1/AV:P/AC:L/PR:N/UI:N/S:U/C:H/I:N/A:N,4.6,0.9,3.6,P,AV:L/AC:L/Au:N/C:P/I:N/A:N,2.1,3.9,2.9,NVD,,,,,,,
ATD-9,18.0,18,CVE-2020-29440,,,"Tesla Model X vehicles before 2020-11-23 do not perform certificate validation during an attempt to pair a new key fob with the body control module (BCM). This allows an attacker (who is inside a vehicle, or is otherwise able to send data over the CAN bus) to start and drive the vehicle with a spoofed key fob.",https://www.wired.com/story/tesla-model-x-hack-bluetooth/,2020.0,,Yes,Yes,,Not Systemic,CWE-295,CVSS:3.1/AV:P/AC:L/PR:N/UI:N/S:U/C:N/I:H/A:N,4.6,0.9,3.6,P,AV:L/AC:L/Au:N/C:N/I:P/A:N,2.1,3.9,2.9,NVD,,,,,,,
ATD-10,19.0,19,CVE-2020-8539,,,"Kia Motors Head Unit with Software version: SOP.003.30.18.0703, SOP.005.7.181019, and SOP.007.1.191209 may allow an attacker to inject unauthorized commands, by executing the micomd executable deamon, to trigger unintended functionalities. In addition, this executable may be used by an attacker to inject commands to generate CAN frames that are sent into the M-CAN bus (Multimedia CAN bus) of the vehicle.",https://sowhat.iit.cnr.it/pdf/IIT-20-2020.pdf,2020.0,Yes,Yes,Yes,,Not Systemic,CWE-276,CVSS:3.1/AV:L/AC:L/PR:L/UI:N/S:U/C:H/I:H/A:H,7.8,1.8,5.9,L,AV:L/AC:L/Au:N/C:P/I:P/A:P,4.6,3.9,6.4,NVD,,,,,,,
ATD-11,20.0,20,CVE-2023-26243,,,"An issue was discovered in the Hyundai Gen5W_L in-vehicle infotainment system AE_E_PE_EUR.S5W_L001.001.211214. The decryption binary used to decrypt firmware files has an information leak that allows an attacker to read the AES key and initialization vector from memory. An attacker may exploit this to create custom firmware that may be installed in the IVI system. Then, an attacker may be able to install a backdoor in the IVI system that may allow him to control it, if it is connected to the Internet through Wi-Fi.",https://sowhat.iit.cnr.it:8443/can-work/chimaera,2023.0,Yes,Yes,Yes,Yes,Not Systemic,CWE-668,CVSS:3.1/AV:L/AC:L/PR:L/UI:N/S:U/C:H/I:H/A:H,7.8,1.8,5.9,L,,,,,NVD,,,,,,,
ATD-12,21.0,21,CVE-2023-26244,,,"An issue was discovered in the Hyundai Gen5W_L in-vehicle infotainment system AE_E_PE_EUR.S5W_L001.001.211214. The AppDMClient binary file, which is used during the firmware installation process, can be modified by an attacker to bypass the digital signature check of AppUpgrade and .lge.upgrade.xml files, which are used during the firmware installation process. This indirectly allows an attacker to use a custom version of AppUpgrade and .lge.upgrade.xml files.",https://sowhat.iit.cnr.it:8443/can-work/chimaera,2023.0,Yes,Yes,Yes,Yes,Not Systemic,CWE-269,CVSS:3.1/AV:L/AC:L/PR:L/UI:N/S:U/C:H/I:H/A:H,7.8,1.8,5.9,L,,,,,NVD,,,,,,,
ATD-13,22.0,22,CVE-2023-26245,,,"An issue was discovered in the Hyundai Gen5W_L in-vehicle infotainment system AE_E_PE_EUR.S5W_L001.001.211214. The AppUpgrade binary file, which is used during the firmware installation process, can be modified by an attacker to bypass the version check in order to install any firmware version (e.g., newer, older, or customized). This indirectly allows an attacker to install custom firmware in the IVI system.",https://sowhat.iit.cnr.it:8443/can-work/chimaera,2023.0,Yes,Yes,Yes,Yes,Not Systemic,CWE-269,CVSS:3.1/AV:L/AC:L/PR:L/UI:N/S:U/C:H/I:H/A:H,7.8,1.8,5.9,L,,,,,NVD,,,,,,,
ATD-14,23.0,23,CVE-2023-26246,,,"An issue was discovered in the Hyundai Gen5W_L in-vehicle infotainment system AE_E_PE_EUR.S5W_L001.001.211214. The AppUpgrade binary file, which is used during the firmware installation process, can be modified by an attacker to bypass the digital signature check. This indirectly allows an attacker to install custom firmware in the IVI system.",https://sowhat.iit.cnr.it:8443/can-work/chimaera,2023.0,Yes,Yes,Yes,Yes,Not Systemic,CWE-269,CVSS:3.1/AV:L/AC:L/PR:L/UI:N/S:U/C:H/I:H/A:H,7.8,1.8,5.9,L,,,,,NVD,,,,,,,
ATD-15,24.0,24,CVE-2023-28885,,,The MyLink infotainment system (build 2021.3.26) in General Motors Chevrolet Equinox 2021 vehicles allows attackers to cause a denial of service (temporary failure of Media Player functionality) via a crafted MP3 file.,https://github.com/zj3t/GM_Vulnerability,2023.0,,,Yes,,Not Systemic,CWE-787,CVSS:3.1/AV:P/AC:L/PR:N/UI:N/S:U/C:H/I:H/A:H,6.8,0.9,5.9,P,,,,,NVD,,,,,,,
ATD-16,25.0,25,CVE-2023-28896,,,Access to critical Unified Diagnostics Services (UDS) of the Modular Infotainment Platform 3Â (MIB3) infotainment is transmitted via Controller Area Network (CAN) bus in a form that can be easily decoded by attackers with physical access to the vehicle.    Vulnerability discovered onÂ Å koda Superb III (3V3) - 2.0 TDI manufactured in 2022.    ,https://asrg.io/security-advisories/cve-2023-28896/,2023.0,,,Yes,Yes,Not Systemic,CWE-326,CVSS:3.1/AV:P/AC:L/PR:N/UI:N/S:U/C:L/I:N/A:N,2.4,0.9,1.4,P,,,,,NVD,,,,,,,
ATD-17,26.0,26,CVE-2023-28900,,,"The Skoda Automotive cloud contains a Broken Access Control vulnerability, allowing to obtain nicknames and other user identifiers of Skoda Connect service users by specifying an arbitrary vehicle VIN number.",https://asrg.io/security-advisories/cve-2023-28900,2024.0,,,,Yes,Not Systemic,NVD-CWE-noinfo,CVSS:3.1/AV:N/AC:L/PR:N/UI:N/S:U/C:L/I:N/A:N,5.3,3.9,1.4,N,,,,,NVD,,,,,,,
ATD-18,27.0,27,CVE-2023-28901,,,"The Skoda Automotive cloud contains a Broken Access Control vulnerability, allowing remote attackers to obtain recent trip data, vehicle mileage, fuel consumption, average and maximum speed, and other information of Skoda Connect service users by specifying an arbitrary vehicle VIN number.",https://asrg.io/security-advisories/cve-2023-28901/,2024.0,,,,Yes,Not Systemic,NVD-CWE-noinfo,CVSS:3.1/AV:N/AC:L/PR:N/UI:N/S:U/C:L/I:N/A:N,5.3,3.9,1.4,N,,,,,NVD,,,,,,,
ATD-19,28.0,28,CVE-2023-29389,,,"Toyota RAV4 2021 vehicles automatically trust messages from other ECUs on a CAN bus, which allows physically proximate attackers to drive a vehicle by accessing the control CAN bus after pulling the bumper away and reaching the headlight connector, and then sending forged ""Key is validated"" messages via CAN Injection, as exploited in the wild in (for example) July 2022.",https://news.ycombinator.com/item?id=35452963,2023.0,Yes,Yes,Yes,,Not Systemic,CWE-74,CVSS:3.1/AV:P/AC:L/PR:N/UI:N/S:U/C:H/I:H/A:H,6.8,0.9,5.9,P,,,,,NVD,,,,,,,
ATD-20,29.0,29,CVE-2023-3028,,,"Insufficient authentication in the MQTT backend (broker) allows an attacker to access and even manipulate the telemetry data of the entire fleet of vehicles using the HopeChart HQT-401 telematics unit. Other models are possibly affected too.                  Multiple vulnerabilities were identified:        - The MQTT backend does not require authentication, allowing unauthorized connections from an attacker.        - The vehicles publish their telemetry data (e.g. GPS Location, speed, odometer, fuel, etc) as messages in public topics. The backend also sends commands to the vehicles as MQTT posts in public topics. As a result, an attacker can access the confidential data of the entire fleet that is managed by the backend.        - The MQTT messages sent by the vehicles or the backend are not encrypted or authenticated. An attacker can create and post messages to impersonate a vehicle or the backend. The attacker could then, for example, send incorrect information to the backend about the vehicle's location.        - The backend can inject data into a vehicleÂ´s CAN bus by sending a specific MQTT message on a public topic. Because these messages are not authenticated or encrypted, an attacker could impersonate the backend, create a fake message and inject CAN data in any vehicle managed by the backend.      The confirmed version isÂ 201808021036, however further versions have been also identified as potentially impacted.        ",https://asrg.io/security-advisories/cve-2023-3028/,2023.0,Yes,Yes,Yes,,Potentially Systemic,CWE-287,CVSS:3.1/AV:N/AC:L/PR:N/UI:N/S:U/C:H/I:H/A:H,9.8,3.9,5.9,N,,,,,NVD,,,,,,,
ATD-21,30.0,30,CVE-2023-34733,,,A lack of exception handling in the Volkswagen Discover Media Infotainment System Software Version 0876 allows attackers to cause a Denial of Service (DoS) via supplying crafted media files when connecting a device to the vehicle's USB plug and play feature.,https://github.com/zj3t/Automotive-vulnerabilities/tree/main/VW/jetta2021,2023.0,,,Yes,,Not Systemic,CWE-754,CVSS:3.1/AV:P/AC:L/PR:N/UI:N/S:U/C:H/I:H/A:H,6.8,0.9,5.9,P,,,,,NVD,,,,,,,
ATD-22,31.0,31,CVE-2016-2354,,,"The Bluetooth functionality in Lemur Vehicle Monitors BlueDriver before 2016-04-07 supports unrestricted pairing without a PIN, which allows remote attackers to send arbitrary CAN commands by leveraging access to a device inside or adjacent to the vehicle, as demonstrated by a CAN command to disrupt braking or steering.",http://www.kb.cert.org/vuls/id/615456,2016.0,Yes,Yes,Yes,,Potentially Systemic,CWE-284,CVSS:3.0/AV:A/AC:L/PR:N/UI:N/S:U/C:H/I:H/A:H,8.8,2.8,5.9,A,AV:A/AC:L/Au:N/C:P/I:C/A:C,8.0,6.5,9.5,NVD,,,,,,,
ATD-23,36.0,36,CVE-2018-16806,,,"A Pektron Passive Keyless Entry and Start (PKES) system, as used on the Tesla Model S and possibly other vehicles, relies on the DST40 cipher, which makes it easier for attackers to obtain access via an approach involving a 5.4 TB precomputation, followed by wake-frame reception and two challenge/response operations, to clone a key fob within a few seconds.",https://www.esat.kuleuven.be/cosic/fast-furious-and-insecure-passive-keyless-entry-and-start-in-modern-supercars/,2018.0,,Yes,Yes,Yes,Not Systemic,CWE-327,CVSS:3.0/AV:A/AC:L/PR:N/UI:N/S:U/C:N/I:H/A:N,6.5,2.8,3.6,A,AV:A/AC:L/Au:N/C:N/I:P/A:N,3.3,6.5,2.9,NVD,,,,,,,
ATD-24,45.0,45,CVE-2020-27524,,,"On Audi A7 MMI 2014 vehicles, the Bluetooth stack in Audi A7 MMI Multiplayer with version (N+R_CN_AU_P0395) mishandles %x and %s format string specifiers in a device name. This may lead to memory content leaks and potentially crash the services.",https://www.youtube.com/watch?v=BQUVgAdhwQs,2020.0,,Yes,Yes,Yes,Not Systemic,CWE-134,CVSS:3.1/AV:A/AC:L/PR:N/UI:N/S:U/C:L/I:N/A:H,7.1,2.8,4.2,A,AV:A/AC:L/Au:N/C:P/I:N/A:P,4.8,6.5,4.9,NVD,,,,,,,
ATD-25,46.0,46,CVE-2020-28656,,,"The update functionality of the Discover Media infotainment system in Volkswagen Polo 2019 vehicles allows physically proximate attackers to execute arbitrary code because some unsigned parts of a metainfo file are parsed, which can cause attacker-controlled files to be written to the infotainment system and executed as root.",https://www.contextis.com/en/blog/a-code-signing-bypass-for-the-vw-polo,2020.0,,Yes,Yes,Yes,Not Systemic,CWE-354,CVSS:3.1/AV:P/AC:L/PR:N/UI:N/S:U/C:H/I:H/A:H,6.8,0.9,5.9,P,AV:L/AC:L/Au:N/C:C/I:C/A:C,7.2,3.9,10.0,NVD,,,,,,,
ATD-26,47.0,47,CVE-2021-23906,,,"An issue was discovered in the Headunit NTG6 in the MBUX Infotainment System on Mercedes-Benz vehicles through 2021. A Message Length is not checked in the HiQnet Protocol, leading to remote code execution.",https://keenlab.tencent.com/en/2021/05/12/Tencent-Security-Keen-Lab-Experimental-Security-Assessment-on-Mercedes-Benz-Cars/,2021.0,,Yes,Yes,Yes,Not Systemic,CWE-20,CVSS:3.1/AV:P/AC:L/PR:N/UI:N/S:U/C:H/I:H/A:H,6.8,0.9,5.9,P,AV:L/AC:L/Au:N/C:P/I:N/A:N,2.1,3.9,2.9,NVD,,,,,,,
ATD-27,48.0,48,CVE-2021-23907,,,"An issue was discovered in the Headunit NTG6 in the MBUX Infotainment System on Mercedes-Benz vehicles through 2021. The count in MultiSvGet, GetAttributes, and MultiSvSet is not checked in the HiQnet Protocol, leading to remote code execution.",https://keenlab.tencent.com/en/2021/05/12/Tencent-Security-Keen-Lab-Experimental-Security-Assessment-on-Mercedes-Benz-Cars/,2021.0,,Yes,Yes,Yes,Not Systemic,NVD-CWE-noinfo,CVSS:3.1/AV:N/AC:L/PR:N/UI:N/S:U/C:H/I:H/A:H,9.8,3.9,5.9,N,AV:N/AC:L/Au:N/C:P/I:P/A:P,7.5,10.0,6.4,NVD,,,,,,,
ATD-28,49.0,49,CVE-2021-23908,,,"An issue was discovered in the Headunit NTG6 in the MBUX Infotainment System on Mercedes-Benz vehicles through 2021. A type confusion issue affects MultiSvSetAttributes in the HiQnet Protocol, leading to remote code execution.",https://keenlab.tencent.com/en/2021/05/12/Tencent-Security-Keen-Lab-Experimental-Security-Assessment-on-Mercedes-Benz-Cars/,2021.0,,Yes,Yes,Yes,Not Systemic,CWE-843,CVSS:3.1/AV:N/AC:L/PR:N/UI:N/S:U/C:H/I:H/A:H,9.8,3.9,5.9,N,AV:N/AC:L/Au:N/C:P/I:P/A:P,7.5,10.0,6.4,NVD,,,,,,,
ATD-29,50.0,50,CVE-2021-23909,,,An issue was discovered in HERMES 2.1 in the MBUX Infotainment System on Mercedes-Benz vehicles through 2021. The SH2 MCU allows remote code execution.,https://keenlab.tencent.com/en/2021/05/12/Tencent-Security-Keen-Lab-Experimental-Security-Assessment-on-Mercedes-Benz-Cars/,2021.0,,Yes,Yes,Yes,Not Systemic,CWE-787,CVSS:3.1/AV:N/AC:L/PR:N/UI:N/S:U/C:H/I:H/A:H,9.8,3.9,5.9,N,AV:N/AC:L/Au:N/C:P/I:P/A:P,7.5,10.0,6.4,NVD,,,,,,,
ATD-30,51.0,51,CVE-2021-23910,,,An issue was discovered in HERMES 2.1 in the MBUX Infotainment System on Mercedes-Benz vehicles through 2021. There is an out-of-bounds array access in RemoteDiagnosisApp.,https://keenlab.tencent.com/en/2021/05/12/Tencent-Security-Keen-Lab-Experimental-Security-Assessment-on-Mercedes-Benz-Cars/,2021.0,,Yes,Yes,Yes,Not Systemic,CWE-787,CVSS:3.1/AV:N/AC:L/PR:N/UI:N/S:U/C:H/I:H/A:H,9.8,3.9,5.9,N,AV:N/AC:L/Au:N/C:P/I:P/A:P,7.5,10.0,6.4,NVD,,,,,,,
ATD-31,52.0,52,CVE-2022-23126,,,"TeslaMate before 1.25.1 (when using the default Docker configuration) allows attackers to open doors of Tesla vehicles, start Keyless Driving, and interfere with vehicle operation en route. This occurs because an attacker can leverage Grafana login access to obtain a token for Tesla API calls.",https://github.com/adriankumpf/teslamate/commit/fff6915e7364f83b3030f980d5743299c4e5260d,2022.0,Yes,Yes,Yes,Yes,Potentially Systemic,CWE-287,CVSS:3.1/AV:N/AC:L/PR:N/UI:N/S:U/C:H/I:H/A:H,9.8,3.9,5.9,N,AV:N/AC:L/Au:N/C:P/I:P/A:P,7.5,10.0,6.4,NVD,,,,,,,
ATD-32,53.0,53,CVE-2022-36945,,,"The Remote Keyless Entry (RKE) receiving unit on certain Mazda vehicles through 2020 allows remote attackers to perform unlock operations and force a resynchronization after capturing three consecutive valid key-fob signals over the radio, aka a RollBack attack. The attacker retains the ability to unlock indefinitely.",https://www.youtube.com/playlist?list=PLYodcy84oQL1gxwiuRm13xRXxTQL9cO5t,2022.0,,Yes,Yes,,Not Systemic,CWE-294,CVSS:3.1/AV:A/AC:H/PR:N/UI:R/S:U/C:N/I:H/A:H,6.4,1.2,5.2,A,,,,,NVD,,,,,,,
ATD-33,54.0,54,CVE-2022-37305,,,"The Remote Keyless Entry (RKE) receiving unit on certain Honda vehicles through 2018 allows remote attackers to perform unlock operations and force a resynchronization after capturing five consecutive valid RKE signals over the radio, aka a RollBack attack. The attacker retains the ability to unlock indefinitely.",https://www.youtube.com/playlist?list=PLYodcy84oQL1gxwiuRm13xRXxTQL9cO5t,2022.0,,Yes,Yes,,Not Systemic,CWE-294,CVSS:3.1/AV:A/AC:H/PR:N/UI:R/S:U/C:N/I:H/A:H,6.4,1.2,5.2,A,,,,,NVD,,,,,,,
ATD-34,55.0,55,CVE-2022-37709,,,Tesla Model 3 V11.0(2022.4.5.1 6b701552d7a6) Tesla mobile app v4.23 is vulnerable to Authentication Bypass by spoofing. Tesla Model 3's Phone Key authentication is vulnerable to Man-in-the-middle attacks in the BLE channel. It allows attackers to open a door and drive the car away by leveraging access to a legitimate Phone Key.,https://youtu.be/cPhYW5FzA9A,2022.0,,Yes,Yes,,Not Systemic,CWE-290,CVSS:3.1/AV:A/AC:H/PR:N/UI:N/S:U/C:N/I:H/A:N,5.3,1.6,3.6,A,,,,,NVD,,,,,,,
ATD-35,56.0,57,CVE-2023-28898,,,"The Real-Time Streaming Protocol implementation in the MIB3 infotainment incorrectly handles requests to /logs URI, when the id parameter equals to zero. This issue allows an attacker connected to the in-vehicle Wi-Fi network to cause denial-of-service of the infotainment system, when the certain preconditions are met.    Vulnerability discovered on Å koda Superb III (3V3) - 2.0 TDI manufactured in 2022.  ",https://nonexistent.com,2024.0,,Yes,Yes,,Not Systemic,NVD-CWE-noinfo,CVSS:3.1/AV:A/AC:H/PR:N/UI:N/S:U/C:N/I:N/A:H,5.3,1.6,3.6,A,,,,,NVD,,,,,,,
ATD-36,57.0,58,CVE-2023-28899,,,"By sending a specific reset UDS request via OBDII port of Skoda vehicles, it is possible to cause vehicle engine shutdown and denial of service of other vehicle components even when the vehicle is moving at a high speed. No safety critical functions affected.Â ",https://asrg.io/security-advisories/cve-2023-28899,2024.0,Yes,Yes,Yes,,Not Systemic,NVD-CWE-noinfo,CVSS:3.1/AV:L/AC:L/PR:L/UI:N/S:U/C:N/I:N/A:H,5.5,1.8,3.6,L,,,,,NVD,,,,,,,
ATD-37,58.0,59,CVE-2023-32156,,,Tesla Model 3 Gateway Firmware Signature Validation Bypass Vulnerability. This vulnerability allows network-adjacent attackers to execute arbitrary code on affected Tesla Model 3 vehicles. An attacker must first obtain the ability to execute privileged code on the Tesla infotainment system in order to exploit this vulnerability.    The specific flaw exists within the handling of firmware updates. The issue results from improper error-handling during the update process. An attacker can leverage this vulnerability to execute code in the context of Tesla's Gateway ECU. Was ZDI-CAN-20734.,https://www.zerodayinitiative.com/advisories/ZDI-23-972/,2024.0,Yes,Yes,Yes,Yes,Potentially Systemic,,CVSS:3.1/AV:A/AC:L/PR:L/UI:N/S:C/C:H/I:H/A:H,9.0,2.3,6.0,A,,,,,NVD,,,,,,,
ATD-38,59.0,60,CVE-2023-32157,,,Tesla Model 3 bsa_server BIP Heap-based Buffer Overflow Arbitrary Code Execution Vulnerability. This vulnerability allows network-adjacent attackers to execute arbitrary code on affected Tesla Model 3 vehicles. An attacker must first obtain the ability to pair a malicious Bluetooth device with the target system in order to exploit this vulnerability.    The specific flaw exists within the bsa_server process. The issue results from the lack of proper validation of the length of user-supplied data prior to copying it to a fixed-length heap-based buffer. An attacker can leverage this vulnerability to execute code in the context of an unprivileged user in a sandboxed process. Was ZDI-CAN-20737.,https://www.zerodayinitiative.com/advisories/ZDI-23-973/,2024.0,,,Yes,Yes,Not Systemic,,CVSS:3.1/AV:A/AC:H/PR:L/UI:N/S:U/C:L/I:L/A:L,4.6,1.2,3.4,A,,,,,NVD,,,,,,,
ATD-39,60.0,61,CVE-2023-39075,,,Renault Zoe EV 2021 automotive infotainment system versions 283C35202R to 283C35519R (builds 11.10.2021 to 16.01.2023) allows attackers to crash the infotainment system by sending arbitrary USB data via a USB device.,https://blog.jhyeon.dev/posts/vuln/202307/renault-zoe/,2023.0,,Yes,Yes,,Not Systemic,NVD-CWE-noinfo,CVSS:3.1/AV:P/AC:L/PR:N/UI:N/S:U/C:N/I:N/A:H,4.6,0.9,3.6,P,,,,,NVD,,,,,,,
ATD-40,61.0,62,CVE-2023-40292,,,Harman Infotainment 20190525031613 and later discloses the IP address via CarPlay CTRL packets.,https://autohack.in/2023/07/26/dude-its-my-car-how-to-develop-intimacy-with-your-car/,2023.0,,,,Yes,Not Systemic,NVD-CWE-noinfo,CVSS:3.1/AV:A/AC:L/PR:N/UI:N/S:U/C:L/I:N/A:N,4.3,2.8,1.4,A,,,,,NVD,,,,,,,
ATD-41,62.0,63,CVE-2023-6248,,,"The Syrus4 IoT gateway utilizes an unsecured MQTT server to download and execute arbitrary commands, allowing a remote unauthenticated attacker to execute code on any Syrus4 device connected to the cloud service. The MQTT server also leaks the location, video and diagnostic data from each connected device. An attacker who knows the IP address of the server is able to connect and perform the following operations:      *  Get location data of the vehicle the device is connected to    *  Send CAN bus messages via the ECU module ( https://syrus.digitalcomtech.com/docs/ecu-1 https://syrus.digitalcomtech.com/docs/ecu-1 )      *  Immobilize the vehicle via the safe-immobilizer module ( https://syrus.digitalcomtech.com/docs/system-tools#safe-immobilization https://syrus.digitalcomtech.com/docs/system-tools#safe-immobilization )      *  Get live video through the connected video camera      *  Send audio messages to the driver ( https://syrus.digitalcomtech.com/docs/system-tools#apx-tts https://syrus.digitalcomtech.com/docs/system-tools#apx-tts )            ",https://www.digitalcomtech.com/product/syrus-4g-iot-telematics-gateway/,2023.0,Yes,Yes,Yes,Yes,Potentially Systemic,NVD-CWE-noinfo,CVSS:3.1/AV:N/AC:L/PR:N/UI:N/S:U/C:H/I:H/A:H,9.8,3.9,5.9,N,,,,,NVD,,,,,,,
ATD-42,63.0,64,CVE-2024-21454,,,Transient DOS while decoding the ToBeSignedMessage in Automotive Telematics.,https://docs.qualcomm.com/product/publicresources/securitybulletin/april-2024-bulletin.html,2024.0,,Yes,Yes,,Not Systemic,,CVSS:3.1/AV:N/AC:L/PR:N/UI:N/S:U/C:N/I:N/A:H,7.5,3.9,3.6,N,,,,,NVD,,,,,,,
ATD-43,64.0,65,CVE-2024-6347,,,*  Unprotected privileged mode access through UDS session in the Blind Spot Detection Sensor ECU firmware in Nissan Altima (2022) allows attackers to trigger denial-of-service (DoS) by unauthorized access to the ECU's programming session.    *  No preconditions implemented for ECU management functionality through UDS session in the Blind Spot Detection Sensor ECU in Nissan Altima (2022) allows attackers to disrupt normal ECU operations by triggering a control command without authentication.,https://asrg.io/security-advisories/CVE-2024-6347,2024.0,Yes,Yes,Yes,,Potentially Systemic,NVD-CWE-noinfo,CVSS:3.1/AV:A/AC:L/PR:N/UI:N/S:U/C:N/I:N/A:H,6.5,2.8,3.6,A,,,,,NVD,,,,,,,
ATD-44,65.0,66,CVE-2024-6348,,,Predictable seed generation in the security access mechanism of UDS in the Blind Spot Protection Sensor ECU in Nissan Altima (2022) allows attackers to predict the requested seeds and bypass security controls via repeated ECU resets and seed requests.,https://asrg.io/security-advisories/,2024.0,Yes,Yes,Yes,,Potentially Systemic,CWE-330,CVSS:3.1/AV:N/AC:L/PR:N/UI:N/S:U/C:H/I:N/A:N,7.5,3.9,3.6,N,,,,,NVD,,,,,,,
ATD-45,66.0,67,CVE-2010-2959,,,"Integer overflow in net/can/bcm.c in the Controller Area Network (CAN) implementation in the Linux kernel before 2.6.27.53, 2.6.32.x before 2.6.32.21, 2.6.34.x before 2.6.34.6, and 2.6.35.x before 2.6.35.4 allows attackers to execute arbitrary code or cause a denial of service (system crash) via crafted CAN traffic.",http://www.kernel.org/pub/linux/kernel/v2.6/ChangeLog-2.6.27.53,2010.0,Yes,Yes,Yes,Yes,Not Systemic,CWE-190,,,,,L,AV:L/AC:L/Au:N/C:C/I:C/A:C,7.2,3.9,10.0,NVD,,,,,,,
ATD-46,67.0,68,CVE-2010-3874,,,Heap-based buffer overflow in the bcm_connect function in net/can/bcm.c (aka the Broadcast Manager) in the Controller Area Network (CAN) implementation in the Linux kernel before 2.6.36.2 on 64-bit platforms might allow local users to cause a denial of service (memory corruption) via a connect operation.,https://bugzilla.redhat.com/show_bug.cgi?id=649695,2010.0,Yes,Yes,Yes,,Not Systemic,CWE-787,,,,,L,AV:L/AC:H/Au:N/C:N/I:N/A:C,4.0,1.9,6.9,NVD,,,,,,,
ATD-47,68.0,69,CVE-2010-4565,,,"The bcm_connect function in net/can/bcm.c (aka the Broadcast Manager) in the Controller Area Network (CAN) implementation in the Linux kernel 2.6.36 and earlier creates a publicly accessible file with a filename containing a kernel memory address, which allows local users to obtain potentially sensitive information about kernel memory use by listing this filename.",http://openwall.com/lists/oss-security/2010/12/20/2,2010.0,,,,Yes,Not Systemic,CWE-200,,,,,L,AV:L/AC:L/Au:N/C:P/I:N/A:N,2.1,3.9,2.9,NVD,,,,,,,
ATD-48,70.0,71,CVE-2015-2906,,,"Mobile Devices (aka MDI) C4 OBD-II dongles with firmware 2.x and 3.4.x, as used in Metromile Pulse and other products, store SSH private keys that are the same across different customers' installations, which makes it easier for remote attackers to obtain access by leveraging knowledge of a private key from another installation.",https://www.usenix.org/conference/woot15/workshop-program/presentation/foster,2015.0,,Yes,Yes,Yes,Not Systemic,NVD-CWE-Other,,,,,N,AV:N/AC:L/Au:S/C:C/I:C/A:C,9.0,8.0,10.0,NVD,,,,,,,
ATD-49,71.0,72,CVE-2015-2907,,,"Mobile Devices (aka MDI) C4 OBD-II dongles with firmware 2.x and 3.4.x, as used in Metromile Pulse and other products, have hardcoded SSH credentials, which makes it easier for remote attackers to obtain access by leveraging knowledge of the required username and password.",https://www.usenix.org/conference/woot15/workshop-program/presentation/foster,2015.0,,Yes,Yes,Yes,Not Systemic,NVD-CWE-Other,,,,,N,AV:N/AC:L/Au:S/C:C/I:C/A:C,9.0,8.0,10.0,NVD,,,,,,,
ATD-50,72.0,73,CVE-2015-2908,,,"Mobile Devices (aka MDI) C4 OBD-II dongles with firmware 2.x and 3.4.x, as used in Metromile Pulse and other products, do not validate firmware updates, which allows remote attackers to execute arbitrary code by specifying an update server.",https://www.usenix.org/conference/woot15/workshop-program/presentation/foster,2015.0,Yes,Yes,Yes,Yes,Potentially Systemic,CWE-345,,,,,N,AV:N/AC:L/Au:S/C:C/I:C/A:C,9.0,8.0,10.0,NVD,,,,,,,
ATD-51,73.0,74,CVE-2015-2943,,,Honda Moto LINC 1.6.1 does not verify SSL certificates.,http://jvndb.jvn.jp/en/contents/2015/JVNDB-2015-000065.html,2017.0,,Yes,,Yes,Not Systemic,CWE-295,CVSS:3.0/AV:N/AC:H/PR:N/UI:N/S:U/C:H/I:N/A:N,5.9,2.2,3.6,N,AV:N/AC:M/Au:N/C:P/I:N/A:N,4.3,8.6,2.9,NVD,,,,,,,
ATD-52,74.0,75,CVE-2017-12695,,,An Improper Authentication issue was discovered in General Motors (GM) and Shanghai OnStar (SOS) SOS iOS Client 7.1. Successful exploitation of this vulnerability may allow an attacker to subvert security mechanisms and reset a user account password.,https://ics-cert.us-cert.gov/advisories/ICSA-17-234-04,2018.0,,,,Yes,Not Systemic,CWE-287,CVSS:3.0/AV:N/AC:L/PR:L/UI:N/S:U/C:H/I:H/A:H,8.8,2.8,5.9,N,AV:N/AC:L/Au:S/C:N/I:P/A:N,4.0,8.0,2.9,NVD,,,,,,,
ATD-53,75.0,76,CVE-2017-12697,,,A Man-in-the-Middle issue was discovered in General Motors (GM) and Shanghai OnStar (SOS) SOS iOS Client 7.1. Successful exploitation of this vulnerability may allow an attacker to intercept sensitive information when the client connects to the server.,https://ics-cert.us-cert.gov/advisories/ICSA-17-234-04,2018.0,,,,Yes,Not Systemic,CWE-200,CVSS:3.0/AV:N/AC:H/PR:N/UI:N/S:U/C:H/I:N/A:N,5.9,2.2,3.6,N,AV:N/AC:M/Au:N/C:P/I:N/A:N,4.3,8.6,2.9,NVD,,,,,,,
ATD-54,76.0,77,CVE-2017-3217,,,"CalAmp LMU 3030 series OBD-II CDMA and GSM devices has an SMS (text message) interface that can be deployed where no password is configured for this interface by the integrator / reseller. This interface must be password protected, otherwise, the attacker only needs to know the phone number of the device (via an IMSI Catcher, for example) to send administrative commands to the device. These commands can be used to provide ongoing, real-time access to the device and can configure parameters such as IP addresses, firewall rules, and passwords.",https://www.securityfocus.com/bid/98964,2018.0,Yes,Yes,Yes,Yes,Potentially Systemic,CWE-306,CVSS:3.0/AV:N/AC:H/PR:N/UI:N/S:U/C:H/I:H/A:H,8.1,2.2,5.9,N,AV:N/AC:M/Au:N/C:C/I:C/A:C,9.3,8.6,10.0,NVD,,,,,,,
ATD-55,77.0,78,CVE-2017-3891,,,"In BlackBerry QNX Software Development Platform (SDP) 6.6.0, an elevation of privilege vulnerability in the default configuration of the QNX SDP with QNet enabled on networks comprising two or more QNet nodes could allow an attacker to access local and remote files or take ownership of files on other QNX nodes regardless of permissions by executing commands targeting arbitrary nodes from a secondary QNX 6.6.0 QNet node.",http://support.blackberry.com/kb/articleDetail?articleNumber=000046674,2017.0,,,Yes,,Not Systemic,CWE-863,CVSS:3.0/AV:N/AC:H/PR:N/UI:N/S:U/C:H/I:H/A:H,8.1,2.2,5.9,N,AV:N/AC:M/Au:N/C:P/I:P/A:P,6.8,8.6,6.4,NVD,,,,,,,
ATD-56,78.0,79,CVE-2017-3893,,,"In BlackBerry QNX Software Development Platform (SDP) 6.6.0, the default configuration of the QNX SDP system did not in all circumstances prevent attackers from modifying the GOT or PLT tables with buffer overflow attacks.",http://support.blackberry.com/kb/articleDetail?articleNumber=000046674,2017.0,,,Yes,,Not Systemic,CWE-119,CVSS:3.0/AV:N/AC:L/PR:N/UI:N/S:U/C:N/I:H/A:N,7.5,3.9,3.6,N,AV:N/AC:L/Au:N/C:N/I:P/A:P,6.4,10.0,4.9,NVD,,,,,,,
ATD-57,82.0,83,CVE-2017-9663,,,An Cleartext Storage of Sensitive Information issue was discovered in General Motors (GM) and Shanghai OnStar (SOS) SOS iOS Client 7.1. Successful exploitation of this vulnerability may allow a remote attacker to access an encryption key that is stored in cleartext in memory.,https://ics-cert.us-cert.gov/advisories/ICSA-17-234-04,2018.0,,Yes,,Yes,Not Systemic,CWE-312,CVSS:3.0/AV:N/AC:L/PR:N/UI:N/S:U/C:H/I:N/A:N,7.5,3.9,3.6,N,AV:N/AC:L/Au:N/C:P/I:N/A:N,5.0,10.0,2.9,NVD,,,,,,,
ATD-58,84.0,85,CVE-2019-19556,,,An authentication bypass in the debug interface in Mercedes-Benz HERMES 1 allows an attacker with physical access to device hardware to obtain system information.,https://media.daimler.com/marsMediaSite/en/instance/ko/Mercedes-Benz-and-360-Group-to-join-forces-Mercedes-Benz-and-360-Group-with-its-Cyber-Security-Brain-work-together-to-strengthen-car-IT-security-for-industry.xhtml?oid=45208829,2020.0,,,,Yes,Not Systemic,NVD-CWE-noinfo,CVSS:3.1/AV:P/AC:L/PR:N/UI:N/S:U/C:H/I:N/A:N,4.6,0.9,3.6,P,AV:L/AC:L/Au:N/C:P/I:N/A:N,2.1,3.9,2.9,NVD,,,,,,,
ATD-59,85.0,86,CVE-2019-19557,,,A misconfiguration in the debug interface in Mercedes-Benz HERMES 1 allows an attacker with direct physical access to device hardware to obtain cellular modem information.,https://media.daimler.com/marsMediaSite/en/instance/ko/Mercedes-Benz-and-360-Group-to-join-forces-Mercedes-Benz-and-360-Group-with-its-Cyber-Security-Brain-work-together-to-strengthen-car-IT-security-for-industry.xhtml?oid=45208829,2020.0,,,,Yes,Not Systemic,CWE-922,CVSS:3.1/AV:P/AC:L/PR:N/UI:N/S:U/C:L/I:N/A:N,2.4,0.9,1.4,P,AV:L/AC:L/Au:N/C:P/I:N/A:N,2.1,3.9,2.9,NVD,,,,,,,
ATD-60,86.0,87,CVE-2019-19560,,,An authentication bypass in the debug interface in Mercedes-Benz HERMES 1.5 allows an attacker with physical access to device hardware to obtain system information.,https://media.daimler.com/marsMediaSite/en/instance/ko/Mercedes-Benz-and-360-Group-to-join-forces-Mercedes-Benz-and-360-Group-with-its-Cyber-Security-Brain-work-together-to-strengthen-car-IT-security-for-industry.xhtml?oid=45208829,2020.0,,Yes,,Yes,Not Systemic,CWE-287,CVSS:3.1/AV:P/AC:L/PR:N/UI:N/S:U/C:H/I:N/A:N,4.6,0.9,3.6,P,AV:L/AC:L/Au:N/C:P/I:N/A:N,2.1,3.9,2.9,NVD,,,,,,,
ATD-61,87.0,88,CVE-2019-19561,,,A misconfiguration in the debug interface in Mercedes-Benz HERMES 1.5 allows an attacker with direct physical access to device hardware to obtain cellular modem information.,https://media.daimler.com/marsMediaSite/en/instance/ko/Mercedes-Benz-and-360-Group-to-join-forces-Mercedes-Benz-and-360-Group-with-its-Cyber-Security-Brain-work-together-to-strengthen-car-IT-security-for-industry.xhtml?oid=45208829,2020.0,,Yes,,Yes,Not Systemic,CWE-922,CVSS:3.1/AV:P/AC:L/PR:N/UI:N/S:U/C:L/I:N/A:N,2.4,0.9,1.4,P,AV:L/AC:L/Au:N/C:P/I:N/A:N,2.1,3.9,2.9,NVD,,,,,,,
ATD-62,88.0,89,CVE-2019-19562,,,An authentication bypass in the debug interface in Mercedes-Benz HERMES 2.1 allows an attacker with physical access to device hardware to obtain system information.,https://media.daimler.com/marsMediaSite/en/instance/ko/Mercedes-Benz-and-360-Group-to-join-forces-Mercedes-Benz-and-360-Group-with-its-Cyber-Security-Brain-work-together-to-strengthen-car-IT-security-for-industry.xhtml?oid=45208829,2020.0,,Yes,,Yes,Not Systemic,CWE-287,CVSS:3.1/AV:P/AC:L/PR:N/UI:N/S:U/C:H/I:N/A:N,4.6,0.9,3.6,P,AV:L/AC:L/Au:N/C:P/I:N/A:N,2.1,3.9,2.9,NVD,,,,,,,
ATD-63,89.0,90,CVE-2019-19563,,,A misconfiguration in the debug interface in Mercedes-Benz HERMES 2.1 allows an attacker with direct physical access to device hardware to obtain cellular modem information.,https://media.daimler.com/marsMediaSite/en/instance/ko/Mercedes-Benz-and-360-Group-to-join-forces-Mercedes-Benz-and-360-Group-with-its-Cyber-Security-Brain-work-together-to-strengthen-car-IT-security-for-industry.xhtml?oid=45208829,2020.0,,Yes,,Yes,Not Systemic,NVD-CWE-noinfo,CVSS:3.1/AV:P/AC:L/PR:N/UI:N/S:U/C:L/I:N/A:N,2.4,0.9,1.4,P,AV:L/AC:L/Au:N/C:P/I:N/A:N,2.1,3.9,2.9,NVD,,,,,,,
ATD-64,90.0,91,CVE-2019-20626,,,"The remote keyless system on Honda HR-V 2017 vehicles sends the same RF signal for each door-open request, which might allow a replay attack.",https://github.com/HackingIntoYourHeart/Unoriginal-Rice-Patty,2020.0,,Yes,Yes,Yes,Not Systemic,CWE-294,CVSS:3.1/AV:A/AC:L/PR:N/UI:N/S:U/C:N/I:H/A:N,6.5,2.8,3.6,A,AV:A/AC:L/Au:N/C:N/I:P/A:N,3.3,6.5,2.9,NVD,,,,,,,
ATD-65,91.0,92,CVE-2020-0269,,,"In Android Auto Settings, there is a possible permission bypass due to an unsafe PendingIntent. This could lead to local information disclosure with User execution privileges needed. User interaction is not needed for exploitation.Product: AndroidVersions: Android-11Android ID: A-151645626",https://source.android.com/security/bulletin/android-11,2020.0,,,,Yes,Not Systemic,NVD-CWE-noinfo,CVSS:3.1/AV:L/AC:L/PR:L/UI:N/S:U/C:H/I:N/A:N,5.5,1.8,3.6,L,AV:L/AC:L/Au:N/C:P/I:N/A:N,2.1,3.9,2.9,NVD,,,,,,,
ATD-66,92.0,93,CVE-2020-10558,,,"The driving interface of Tesla Model 3 vehicles in any release before 2020.4.10 allows Denial of Service to occur due to improper process separation, which allows attackers to disable the speedometer, web browser, climate controls, turn signal visual and sounds, navigation, autopilot notifications, along with other miscellaneous functions from the main screen.",https://safekeepsecurity.com/about/cve-2020-10558/,2020.0,Yes,Yes,Yes,,Potentially Systemic,NVD-CWE-noinfo,CVSS:3.1/AV:N/AC:L/PR:N/UI:R/S:U/C:N/I:N/A:H,6.5,2.8,3.6,N,AV:N/AC:M/Au:N/C:N/I:N/A:C,7.1,8.6,6.9,NVD,,,,,,,
ATD-67,93.0,94,CVE-2020-12323,,,Improper input validation in the Intel(R) ADAS IE before version ADAS_IE_1.0.766 may allow a privileged user to potentially enable escalation of privilege via local access.,https://www.intel.com/content/www/us/en/security-center/advisory/intel-sa-00415,2020.0,Yes,Yes,Yes,Yes,Not Systemic,CWE-20,CVSS:3.1/AV:L/AC:L/PR:H/UI:N/S:U/C:H/I:H/A:H,6.7,0.8,5.9,L,AV:L/AC:L/Au:N/C:P/I:P/A:P,4.6,3.9,6.4,NVD,,,,,,,
ATD-68,94.0,95,CVE-2020-15912,,,"Tesla Model 3 vehicles allow attackers to open a door by leveraging access to a legitimate key card, and then using NFC Relay. NOTE: the vendor has developed Pin2Drive to mitigate this issue",https://www.youtube.com/watch?v=kQWg-Ywv3S4,2020.0,,Yes,Yes,Yes,Not Systemic,NVD-CWE-noinfo,CVSS:3.1/AV:A/AC:L/PR:N/UI:N/S:U/C:N/I:H/A:N,6.5,2.8,3.6,A,AV:A/AC:L/Au:N/C:N/I:P/A:N,3.3,6.5,2.9,NVD,,,,,,,
ATD-69,95.0,96,CVE-2020-29438,,,Tesla Model X vehicles before 2020-11-23 have key fobs that accept firmware updates without signature verification. This allows attackers to construct firmware that retrieves an unlock code from a secure enclave chip.,https://www.wired.com/story/tesla-model-x-hack-bluetooth/,2020.0,,Yes,Yes,Yes,Not Systemic,CWE-347,CVSS:3.1/AV:A/AC:L/PR:N/UI:N/S:U/C:H/I:N/A:N,6.5,2.8,3.6,A,AV:A/AC:L/Au:N/C:P/I:N/A:N,3.3,6.5,2.9,NVD,,,,,,,
ATD-70,97.0,98,CVE-2020-9306,,,"Tesla SolarCity Solar Monitoring Gateway through 5.46.43 has a ""Use of Hard-coded Credentials"" issue because Digi ConnectPort X2e uses a .pyc file to store the cleartext password for the python user account.",https://www.fireeye.com/blog/threat-research.html,2021.0,,Yes,Yes,,Not Systemic,"CWE-798, CWE-522",CVSS:3.1/AV:A/AC:L/PR:N/UI:N/S:U/C:H/I:H/A:H,8.8,2.8,5.9,A,AV:A/AC:L/Au:N/C:P/I:P/A:P,5.8,6.5,6.4,NVD,,,,,,,
ATD-71,98.0,99,CVE-2021-0303,,,"In dispatchGraphTerminationMessage() of packages/services/Car/computepipe/runner/graph/StreamSetObserver.cpp, there is a possible use after free due to a race condition. This could lead to local escalation of privilege with User execution privileges needed. User interaction is not needed for exploitation. Product: Android; Versions: Android-11; Android ID: A-170407229.",https://source.android.com/security/bulletin/2021-01-01,2021.0,,,Yes,Yes,Not Systemic,"CWE-362, CWE-416",CVSS:3.1/AV:L/AC:H/PR:L/UI:N/S:U/C:H/I:H/A:H,7.0,1.0,5.9,L,AV:L/AC:M/Au:N/C:C/I:C/A:C,6.9,3.4,10.0,NVD,,,,,,,
ATD-72,99.0,100,CVE-2021-32025,,,"An elevation of privilege vulnerability in the QNX Neutrino Kernel of affected versions of QNX Software Development Platform version(s) 6.4.0 to 7.0, QNX Momentics all 6.3.x versions, QNX OS for Safety versions 1.0.0 to 1.0.2, QNX OS for Safety versions 2.0.0 to 2.0.1, QNX for Medical versions 1.0.0 to 1.1.1, and QNX OS for Medical version 2.0.0 could allow an attacker to potentially access data, modify behavior, or permanently crash the system.",http://support.blackberry.com/kb/articleDetail?articleNumber=000090868,2022.0,,Yes,Yes,,Not Systemic,NVD-CWE-noinfo,CVSS:3.1/AV:L/AC:L/PR:L/UI:N/S:U/C:H/I:H/A:H,7.8,1.8,5.9,L,AV:L/AC:L/Au:N/C:C/I:C/A:C,7.2,3.9,10.0,NVD,,,,,,,
ATD-73,100.0,101,CVE-2021-41962,,,Cross Site Scripting (XSS) vulnerability exists in Sourcecodester Vehicle Service Management System 1.0 via the Owner fullname parameter in a Send Service Request in vehicle_service.,https://github.com/lohyt/-CVE-2021-41962,2021.0,,,Yes,Yes,Not Systemic,CWE-79,CVSS:3.1/AV:N/AC:L/PR:H/UI:R/S:C/C:L/I:L/A:N,4.8,1.7,2.7,N,AV:N/AC:M/Au:S/C:N/I:P/A:N,3.5,6.8,2.9,NVD,,,,,,,
ATD-74,101.0,102,CVE-2021-46145,,,The keyfob subsystem in Honda Civic 2012 vehicles allows a replay attack for unlocking. This is related to a non-expiring rolling code and counter resynchronization.,https://twitter.com/Kevin2600/status/1475482656871571459?s=20,2022.0,,Yes,Yes,,Not Systemic,CWE-294,CVSS:3.1/AV:A/AC:H/PR:N/UI:N/S:U/C:N/I:H/A:N,5.3,1.6,3.6,A,AV:A/AC:M/Au:N/C:N/I:P/A:N,2.9,5.5,2.9,NVD,,,,,,,
ATD-75,103.0,104,CVE-2022-0878,,,"Electric Vehicle (EV) commonly utilises the Combined Charging System (CCS) for DC rapid charging. To exchange important messages such as the State of Charge (SoC) with the Electric Vehicle Supply Equipment (EVSE) CCS uses a high-bandwidth IP link provided by the HomePlug Green PHY (HPGP) power-line communication (PLC) technology. The attack interrupts necessary control communication between the vehicle and charger, causing charging sessions to abort. The attack can be conducted wirelessly from a distance using electromagnetic interference, allowing individual vehicles or entire fleets to be disrupted simultaneously. In addition, the attack can be mounted with off-the-shelf radio hardware and minimal technical knowledge. With a power budget of 1 W, the attack is successful from around 47 m distance. The exploited behavior is a required part of the HomePlug Green PHY, DIN 70121 & ISO 15118 standards and all known implementations exhibit it. In addition to electric cars, Brokenwire affects electric ships, airplanes and heavy duty vehicles utilising these standards.",https://www.brokenwire.fail/,2022.0,,,Yes,,Not Systemic,CWE-306,CVSS:3.1/AV:A/AC:L/PR:N/UI:N/S:U/C:N/I:N/A:H,6.5,2.8,3.6,A,AV:A/AC:L/Au:N/C:N/I:N/A:P,3.3,6.5,2.9,NVD,,,,,,,
ATD-76,104.0,105,CVE-2022-20214,,,"In Car Settings app, the toggle button in Modify system settings is vulnerable to tapjacking attack. Attackers can overlay the toggle button to enable apps to modify system settings without user consent.Product: AndroidVersions: Android-10 Android-11 Android-12Android ID: A-183411210",https://source.android.com/security/bulletin/aaos/2023-01-01,2023.0,,,Yes,,Not Systemic,CWE-1021,CVSS:3.1/AV:N/AC:L/PR:N/UI:R/S:C/C:N/I:L/A:N,4.7,2.8,1.4,N,,,,,NVD,,,,,,,
ATD-77,105.0,106,CVE-2022-20234,,,"In Car Settings app, the NotificationAccessConfirmationActivity is exported. In NotificationAccessConfirmationActivity, it gets both 'mComponentName' and 'pkgTitle' from user.An unprivileged app can use a malicous mComponentName with a benign pkgTitle (e.g. Settings app) to make users enable notification access permission for the malicious app. That is, users believe they enable the notification access permission for the Settings app, but actually they enable the notification access permission for the malicious app.Once the malicious app gets the notification access permission, it can read all notifications, including users' personal information.Product: AndroidVersions: Android-12LAndroid ID: A-225189301",https://source.android.com/security/bulletin/aaos/2022-07-01,2022.0,,,,Yes,Not Systemic,CWE-732,CVSS:3.1/AV:N/AC:L/PR:N/UI:N/S:U/C:H/I:N/A:N,7.5,3.9,3.6,N,AV:N/AC:L/Au:N/C:P/I:N/A:N,5.0,10.0,2.9,NVD,,,,,,,
ATD-78,106.0,112,CVE-2022-24595,,,"Automotive Grade Linux Kooky Koi 11.0.0, 11.0.1, 11.0.2, 11.0.3, 11.0.4, and 11.0.5 is affected by Incorrect Access Control in usr/bin/afb-daemon. To exploit the vulnerability, an attacker should send a well-crafted HTTP (or WebSocket) request to the socket listened by the afb-daemon process. No credentials nor user interactions are required.",https://youtu.be/E-ZTuWSg-JU,2022.0,Yes,Yes,Yes,Yes,Potentially Systemic,NVD-CWE-Other,CVSS:3.1/AV:N/AC:L/PR:N/UI:N/S:U/C:H/I:H/A:H,9.8,3.9,5.9,N,AV:N/AC:L/Au:N/C:P/I:P/A:P,7.5,10.0,6.4,NVD,,,,,,,
ATD-79,107.0,113,CVE-2022-25713,,,Memory corruption in Automotive due to Improper Restriction of Operations within the Bounds of a Memory Buffer while exporting a shared key.,https://www.qualcomm.com/company/product-security/bulletins/may-2023-bulletin,2023.0,Yes,Yes,Yes,Yes,Not Systemic,CWE-119,CVSS:3.1/AV:L/AC:L/PR:L/UI:N/S:U/C:H/I:H/A:H,7.8,1.8,5.9,L,,,,,NVD,,,,,,,
ATD-80,108.0,114,CVE-2022-26269,,,Suzuki Connect v1.0.15 allows attackers to tamper with displayed messages via spoofed CAN messages.,https://github.com/nsbogam/CVE-2022-26269/blob/main/README.md,2022.0,,,Yes,,Not Systemic,NVD-CWE-noinfo,CVSS:3.1/AV:P/AC:L/PR:N/UI:N/S:U/C:N/I:H/A:N,4.6,0.9,3.6,P,AV:L/AC:L/Au:N/C:N/I:P/A:N,2.1,3.9,2.9,NVD,,,,,,,
ATD-81,109.0,115,CVE-2022-27254,,,"The remote keyless system on Honda Civic 2018 vehicles sends the same RF signal for each door-open request, which allows for a replay attack, a related issue to CVE-2019-20626.",https://drive.google.com/file/d/1MtmWfBs1r6Y3JN1HpbNsZqO1GcsdgPdc/view?usp=sharing,2022.0,,Yes,Yes,Yes,Not Systemic,CWE-294,CVSS:3.1/AV:A/AC:H/PR:N/UI:N/S:U/C:N/I:H/A:N,5.3,1.6,3.6,A,AV:A/AC:M/Au:N/C:N/I:P/A:N,2.9,5.5,2.9,NVD,,,,,,,
ATD-82,110.0,116,CVE-2022-27948,,,Certain Tesla vehicles through 2022-03-26 allow attackers to open the charging port via a 315 MHz RF signal containing a fixed sequence of approximately one hundred symbols. NOTE: the vendor's perspective is that the behavior is as intended,https://twitter.com/IfNotPike/status/1507852693699661827,2022.0,,,Yes,,Not Systemic,NVD-CWE-noinfo,CVSS:3.1/AV:A/AC:L/PR:N/UI:N/S:U/C:N/I:L/A:N,4.3,2.8,1.4,A,AV:A/AC:L/Au:N/C:N/I:P/A:N,3.3,6.5,2.9,NVD,,,,,,,
ATD-83,111.0,117,CVE-2022-3093,,,This vulnerability allows physical attackers to execute arbitrary code on affected Tesla vehicles. Authentication is not required to exploit this vulnerability. The specific flaw exists within the ice_updater update mechanism. The issue results from the lack of proper validation of user-supplied firmware. An attacker can leverage this vulnerability to execute code in the context of root. Was ZDI-CAN-17463.,https://www.zerodayinitiative.com/advisories/ZDI-22-1188/,2023.0,Yes,Yes,Yes,Yes,Not Systemic,CWE-367,CVSS:3.1/AV:P/AC:H/PR:N/UI:N/S:U/C:H/I:H/A:H,6.4,0.5,5.9,P,,,,,NVD,,,,,,,
ATD-84,112.0,118,CVE-2022-33210,,,Memory corruption in automotive multimedia due to use of out-of-range pointer offset while parsing command request packet with a very large type value. in Snapdragon Auto,https://www.qualcomm.com/company/product-security/bulletins/october-2022-bulletin,2022.0,,,Yes,,Not Systemic,CWE-119,CVSS:3.1/AV:L/AC:L/PR:L/UI:N/S:U/C:H/I:H/A:H,7.8,1.8,5.9,L,,,,,NVD,,,,,,,
ATD-85,113.0,119,CVE-2022-33216,,,Transient Denial-of-service in Automotive due to improper input validation while parsing ELF file.,https://www.qualcomm.com/company/product-security/bulletins/february-2023-bulletin,2023.0,,,Yes,,Not Systemic,CWE-20,CVSS:3.1/AV:L/AC:L/PR:L/UI:N/S:U/C:N/I:N/A:H,5.5,1.8,3.6,L,,,,,NVD,,,,,,,
ATD-86,114.0,120,CVE-2022-33218,,,Memory corruption in Automotive due to improper input validation.,https://www.qualcomm.com/company/product-security/bulletins/january-2023-bulletin,2023.0,,,Yes,,Not Systemic,CWE-787,CVSS:3.1/AV:L/AC:L/PR:L/UI:N/S:U/C:H/I:H/A:H,7.8,1.8,5.9,L,,,,,NVD,,,,,,,
ATD-87,115.0,121,CVE-2022-33219,,,Memory corruption in Automotive due to integer overflow to buffer overflow while registering a new listener with shared buffer.,https://www.qualcomm.com/company/product-security/bulletins/january-2023-bulletin,2023.0,,,Yes,,Not Systemic,CWE-190,CVSS:3.1/AV:L/AC:L/PR:L/UI:N/S:U/C:H/I:H/A:H,7.8,1.8,5.9,L,,,,,NVD,,,,,,,
ATD-88,116.0,122,CVE-2022-33220,,,Information disclosure in Automotive multimedia due to buffer over-read.,https://www.qualcomm.com/company/product-security/bulletins/september-2023-bulletin,2023.0,,,,Yes,Not Systemic,CWE-125,CVSS:3.1/AV:L/AC:L/PR:L/UI:N/S:U/C:H/I:N/A:N,5.5,1.8,3.6,L,,,,,NVD,,,,,,,
ATD-89,117.0,123,CVE-2022-33282,,,Memory corruption in Automotive Multimedia due to integer overflow to buffer overflow during IOCTL calls in video playback.,https://www.qualcomm.com/company/product-security/bulletins/april-2023-bulletin,2023.0,,,Yes,,Not Systemic,CWE-190,CVSS:3.1/AV:L/AC:L/PR:L/UI:N/S:U/C:H/I:H/A:H,7.8,1.8,5.9,L,,,,,NVD,,,,,,,
ATD-90,118.0,124,CVE-2022-33300,,,Memory corruption in Automotive Android OS due to improper input validation.,https://www.qualcomm.com/company/product-security/bulletins/january-2023-bulletin,2023.0,,,Yes,,Not Systemic,CWE-787,CVSS:3.1/AV:L/AC:L/PR:L/UI:N/S:U/C:H/I:H/A:H,7.8,1.8,5.9,L,,,,,NVD,,,,,,,
ATD-91,119.0,125,CVE-2022-33307,,,Memory Corruption due to double free in automotive when a bad HLOS address for one of the lists to be mapped is passed.,https://www.qualcomm.com/company/product-security/bulletins/june-2023-bulletin,2023.0,,,Yes,,Not Systemic,CWE-415,CVSS:3.1/AV:L/AC:L/PR:L/UI:N/S:U/C:H/I:H/A:H,7.8,1.8,5.9,L,,,,,NVD,,,,,,,
ATD-92,120.0,126,CVE-2022-39836,,,"An issue was discovered in Connected Vehicle Systems Alliance (COVESA) dlt-daemon through 2.18.8. Due to a faulty DLT file parser, a crafted DLT file that crashes the process can be created. This is due to missing validation checks. There is a heap-based buffer over-read of one byte.",https://seclists.org/fulldisclosure/2022/Sep/24,2022.0,,,Yes,,Not Systemic,CWE-125,CVSS:3.1/AV:L/AC:L/PR:N/UI:R/S:U/C:N/I:N/A:H,5.5,1.8,3.6,L,,,,,NVD,,,,,,,
ATD-93,121.0,127,CVE-2022-39837,,,"An issue was discovered in Connected Vehicle Systems Alliance (COVESA) dlt-daemon through 2.18.8. Due to a faulty DLT file parser, a crafted DLT file that crashes the process can be created. This is due to missing validation checks. There is a NULL pointer dereference,",https://seclists.org/fulldisclosure/2022/Sep/24,2022.0,,,Yes,,Not Systemic,CWE-476,CVSS:3.1/AV:L/AC:L/PR:N/UI:R/S:U/C:N/I:N/A:H,5.5,1.8,3.6,L,,,,,NVD,,,,,,,
ATD-94,122.0,128,CVE-2022-40539,,,Memory corruption in Automotive Android OS due to improper validation of array index.,https://www.qualcomm.com/company/product-security/bulletins/march-2023-bulletin,2023.0,,,Yes,,Not Systemic,CWE-129,CVSS:3.1/AV:L/AC:L/PR:L/UI:N/S:U/C:H/I:H/A:H,7.8,1.8,5.9,L,,,,,NVD,,,,,,,
ATD-95,123.0,129,CVE-2022-42430,,,This vulnerability allows local attackers to escalate privileges on affected Tesla vehicles. An attacker must first obtain the ability to execute privileged code on the target system in order to exploit this vulnerability. The specific flaw exists within the handling of the wowlan_config data structure. The issue results from the lack of validating the existence of an object prior to performing operations on the object. An attacker can leverage this vulnerability to escalate privileges and execute arbitrary code in the context of root. Was ZDI-CAN-17543.,https://www.zerodayinitiative.com/advisories/ZDI-22-1406/,2023.0,Yes,Yes,Yes,Yes,Not Systemic,CWE-416,CVSS:3.1/AV:L/AC:L/PR:L/UI:N/S:U/C:H/I:H/A:H,7.8,1.8,5.9,L,,,,,NVD,,,,,,,
ATD-96,124.0,130,CVE-2022-42431,,,This vulnerability allows local attackers to escalate privileges on affected Tesla vehicles. An attacker must first obtain the ability to execute privileged code on the target system in order to exploit this vulnerability. The specific flaw exists within the bcmdhd driver. The issue results from the lack of proper validation of the length of user-supplied data prior to copying it to a buffer. An attacker can leverage this vulnerability to escalate privileges and execute arbitrary code in the context of root. Was ZDI-CAN-17544.,https://www.zerodayinitiative.com/advisories/ZDI-22-1407/,2023.0,Yes,Yes,Yes,Yes,Not Systemic,CWE-120,CVSS:3.1/AV:L/AC:L/PR:L/UI:N/S:U/C:H/I:H/A:H,7.8,1.8,5.9,L,,,,,NVD,,,,,,,
ATD-97,126.0,132,CVE-2022-48363,,,"In MPD before 0.23.8, as used on Automotive Grade Linux and other platforms, the PipeWire output plugin mishandles a Drain call in certain situations involving truncated files. Eventually there is an assertion failure in libmpdclient because libqtappfw passes in a NULL pointer.",https://gerrit.automotivelinux.org/gerrit/q/project:src%252Flibqtappfw+status:open,2023.0,,,Yes,,Not Systemic,CWE-617,CVSS:3.1/AV:N/AC:L/PR:N/UI:N/S:U/C:N/I:N/A:H,7.5,3.9,3.6,N,,,,,NVD,,,,,,,
ATD-98,127.0,133,CVE-2023-2046,,,Improper Neutralization of Special Elements used in an SQL Command ('SQL Injection') vulnerability in Yontem Informatics Vehicle Tracking System allows SQL Injection.This issue affects Vehicle Tracking System: before 8.    ,https://www.usom.gov.tr/bildirim/tr-23-0389,2023.0,,Yes,Yes,Yes,Not Systemic,CWE-89,CVSS:3.1/AV:N/AC:L/PR:N/UI:N/S:U/C:H/I:H/A:H,9.8,3.9,5.9,N,,,,,NVD,,,,,,,
ATD-99,128.0,134,CVE-2023-2092,,,"A vulnerability, which was classified as critical, has been found in SourceCodester Vehicle Service Management System 1.0. Affected by this issue is some unknown functionality of the file view_service.php. The manipulation of the argument id leads to sql injection. The attack may be launched remotely. The exploit has been disclosed to the public and may be used. The identifier of this vulnerability is VDB-226100.",https://vuldb.com/?id.226100,2023.0,,Yes,Yes,Yes,Not Systemic,CWE-89,CVSS:3.1/AV:N/AC:L/PR:N/UI:N/S:U/C:H/I:H/A:H,9.8,3.9,5.9,N,,,,,NVD,,,,,,,
ATD-100,129.0,135,CVE-2023-2093,,,"A vulnerability, which was classified as critical, was found in SourceCodester Vehicle Service Management System 1.0. This affects an unknown part of the file /classes/Login.php. The manipulation of the argument username leads to sql injection. It is possible to initiate the attack remotely. The exploit has been disclosed to the public and may be used. The identifier VDB-226101 was assigned to this vulnerability.",https://vuldb.com/?id.226101,2023.0,,Yes,Yes,Yes,Not Systemic,CWE-89,CVSS:3.1/AV:N/AC:L/PR:N/UI:N/S:U/C:H/I:H/A:H,9.8,3.9,5.9,N,,,,,NVD,,,,,,,
ATD-101,130.0,136,CVE-2023-2094,,,A vulnerability has been found in SourceCodester Vehicle Service Management System 1.0 and classified as critical. This vulnerability affects unknown code of the file /admin/mechanics/manage_mechanic.php. The manipulation of the argument id leads to sql injection. The attack can be initiated remotely. The exploit has been disclosed to the public and may be used. VDB-226102 is the identifier assigned to this vulnerability.,https://vuldb.com/?id.226102,2023.0,,Yes,Yes,Yes,Not Systemic,CWE-89,CVSS:3.1/AV:N/AC:L/PR:N/UI:N/S:U/C:H/I:H/A:H,9.8,3.9,5.9,N,,,,,NVD,,,,,,,
ATD-102,131.0,137,CVE-2023-2095,,,A vulnerability was found in SourceCodester Vehicle Service Management System 1.0 and classified as critical. This issue affects some unknown processing of the file /admin/maintenance/manage_category.php. The manipulation of the argument id leads to sql injection. The attack may be initiated remotely. The exploit has been disclosed to the public and may be used. The associated identifier of this vulnerability is VDB-226103.,https://vuldb.com/?ctiid.226103,2023.0,,Yes,Yes,Yes,Not Systemic,CWE-89,CVSS:3.1/AV:N/AC:L/PR:N/UI:N/S:U/C:H/I:H/A:H,9.8,3.9,5.9,N,,,,,NVD,,,,,,,
ATD-103,132.0,138,CVE-2023-2096,,,A vulnerability was found in SourceCodester Vehicle Service Management System 1.0. It has been classified as critical. Affected is an unknown function of the file /admin/service_requests/manage_inventory.php. The manipulation of the argument id leads to sql injection. It is possible to launch the attack remotely. The exploit has been disclosed to the public and may be used. The identifier of this vulnerability is VDB-226104.,https://vuldb.com/?ctiid.226104,2023.0,,Yes,Yes,Yes,Not Systemic,CWE-89,CVSS:3.1/AV:N/AC:L/PR:N/UI:N/S:U/C:H/I:H/A:H,9.8,3.9,5.9,N,,,,,NVD,,,,,,,
ATD-104,133.0,139,CVE-2023-2097,,,A vulnerability was found in SourceCodester Vehicle Service Management System 1.0. It has been declared as critical. Affected by this vulnerability is an unknown functionality of the file /classes/Master.php. The manipulation of the argument id leads to sql injection. The attack can be launched remotely. The exploit has been disclosed to the public and may be used. The identifier VDB-226105 was assigned to this vulnerability.,https://vuldb.com/?ctiid.226105,2023.0,,Yes,Yes,Yes,Not Systemic,CWE-89,CVSS:3.1/AV:N/AC:L/PR:N/UI:N/S:U/C:H/I:H/A:H,9.8,3.9,5.9,N,,,,,NVD,,,,,,,
ATD-105,134.0,140,CVE-2023-2098,,,A vulnerability was found in SourceCodester Vehicle Service Management System 1.0. It has been rated as problematic. Affected by this issue is some unknown functionality of the file /inc/topBarNav.php. The manipulation of the argument search leads to cross site scripting. The attack may be launched remotely. The exploit has been disclosed to the public and may be used. VDB-226106 is the identifier assigned to this vulnerability.,https://github.com/E1CHO/cve_hub/blob/main/Vehicle%20Service%20Management%20System/Vehicle%20Service%20Management%20System%20-%20vuln%207.pdf,2023.0,,Yes,Yes,Yes,Not Systemic,CWE-79,CVSS:3.1/AV:N/AC:L/PR:N/UI:R/S:C/C:L/I:L/A:N,6.1,2.8,2.7,N,,,,,NVD,,,,,,,
ATD-106,135.0,141,CVE-2023-2099,,,A vulnerability classified as problematic has been found in SourceCodester Vehicle Service Management System 1.0. This affects an unknown part of the file /classes/Users.php. The manipulation of the argument id leads to cross site scripting. It is possible to initiate the attack remotely. The exploit has been disclosed to the public and may be used. The associated identifier of this vulnerability is VDB-226107.,https://github.com/E1CHO/cve_hub/blob/main/Vehicle%20Service%20Management%20System/Vehicle%20Service%20Management%20System%20-%20vuln%208.pdf,2023.0,,Yes,Yes,Yes,Not Systemic,CWE-79,CVSS:3.1/AV:N/AC:L/PR:N/UI:R/S:C/C:L/I:L/A:N,6.1,2.8,2.7,N,,,,,NVD,,,,,,,
ATD-107,136.0,142,CVE-2023-2100,,,A vulnerability classified as problematic was found in SourceCodester Vehicle Service Management System 1.0. This vulnerability affects unknown code of the file /admin/report/index.php. The manipulation of the argument date_end leads to cross site scripting. The attack can be initiated remotely. The exploit has been disclosed to the public and may be used. The identifier of this vulnerability is VDB-226108.,https://github.com/E1CHO/cve_hub/blob/main/Vehicle%20Service%20Management%20System/Vehicle%20Service%20Management%20System%20-%20vuln%209.pdf,2023.0,,Yes,Yes,Yes,Not Systemic,CWE-79,CVSS:3.1/AV:N/AC:L/PR:N/UI:R/S:C/C:L/I:L/A:N,6.1,2.8,2.7,N,,,,,NVD,,,,,,,
ATD-108,137.0,143,CVE-2023-21632,,,Memory corruption in Automotive GPU while querying a gsl memory node.,https://www.qualcomm.com/company/product-security/bulletins/june-2023-bulletin,2023.0,,,Yes,,Not Systemic,CWE-787,CVSS:3.1/AV:L/AC:L/PR:L/UI:N/S:U/C:H/I:H/A:H,7.8,1.8,5.9,L,,,,,NVD,,,,,,,
ATD-109,138.0,144,CVE-2023-21643,,,Memory corruption due to untrusted pointer dereference in automotive during system call.,https://www.qualcomm.com/company/product-security/bulletins/august-2023-bulletin,2023.0,Yes,,Yes,,Not Systemic,CWE-787,CVSS:3.1/AV:L/AC:L/PR:L/UI:N/S:U/C:H/I:H/A:H,7.8,1.8,5.9,L,,,,,NVD,,,,,,,
ATD-110,139.0,145,CVE-2023-22382,,,Weak configuration in Automotive while VM is processing a listener request from TEE.,https://www.qualcomm.com/company/product-security/bulletins/october-2023-bulletin,2023.0,Yes,,Yes,,Not Systemic,NVD-CWE-noinfo,CVSS:3.1/AV:L/AC:L/PR:L/UI:R/S:C/C:H/I:H/A:H,8.2,1.5,6.0,L,,,,,NVD,,,,,,,
ATD-111,140.0,146,CVE-2023-23590,,,Mercedes-Benz XENTRY Retail Data Storage 7.8.1 allows remote attackers to cause a denial of service (device restart) via an unauthenticated API request. The attacker must be on the same network as the device.,https://b2bconnect.mercedes-benz.com/gb/workshop-solutions/diagnosis/retail-data-storage,2023.0,,,Yes,,Not Systemic,NVD-CWE-noinfo,CVSS:3.1/AV:N/AC:L/PR:N/UI:N/S:U/C:N/I:N/A:H,7.5,3.9,3.6,N,,,,,NVD,,,,,,,
ATD-112,141.0,147,CVE-2023-26257,,,An issue was discovered in the Connected Vehicle Systems Alliance (COVESA; formerly GENIVI) dlt-daemon through 2.18.8. Dynamic memory is not released after it is allocated in dlt-control-common.c.,https://github.com/COVESA/dlt-daemon/issues/440,2023.0,,,Yes,,Not Systemic,CWE-401,CVSS:3.1/AV:N/AC:L/PR:N/UI:N/S:U/C:N/I:N/A:H,7.5,3.9,3.6,N,,,,,NVD,,,,,,,
ATD-113,142.0,148,CVE-2023-28895,,,The password for access to the debugging console of the PoWer Controller chip (PWC) of the MIB3 infotainment is hard-coded in the firmware. The console allows attackers with physical access to the MIB3 unit to gain full control over the PWC chip.    Vulnerability found onÂ Å koda Superb III (3V3) - 2.0 TDI manufactured in 2022.,https://asrg.io/security-advisories/hard-coded-password-for-access-to-power-controller-chip-memory/,2023.0,,,Yes,Yes,Not Systemic,CWE-798,CVSS:3.1/AV:P/AC:L/PR:N/UI:N/S:U/C:H/I:H/A:H,6.8,0.9,5.9,P,,,,,NVD,,,,,,,
ATD-114,143.0,149,CVE-2023-28897,,,The secret value used for access to critical UDS services of the MIB3 infotainment is hardcoded in the firmware.    Vulnerability discovered on Å koda Superb III (3V3) - 2.0 TDI manufactured in 2022.  ,https://asrg.io/security-advisories/cve-2023-28897,2024.0,Yes,Yes,Yes,Yes,Potentially Systemic,CWE-798,CVSS:3.1/AV:N/AC:L/PR:N/UI:N/S:U/C:H/I:H/A:H,9.8,3.9,5.9,N,,,,,NVD,,,,,,,
ATD-115,144.0,150,CVE-2023-29085,,,"An issue was discovered in Samsung Exynos Mobile Processor, Automotive Processor and Modem for Exynos Modem 5123, Exynos Modem 5300, Exynos 980, Exynos 1080, Exynos 9110, and Exynos Auto T5123. Memory corruption can occur due to insufficient parameter validation while decoding an SIP status line.",https://semiconductor.samsung.com/support/quality-support/product-security-updates/,2023.0,,,Yes,,Not Systemic,CWE-787,CVSS:3.1/AV:N/AC:L/PR:N/UI:N/S:U/C:N/I:N/A:H,7.5,3.9,3.6,N,,,,,NVD,,,,,,,
ATD-116,145.0,151,CVE-2023-29086,,,"An issue was discovered in Samsung Exynos Mobile Processor, Automotive Processor and Modem for Exynos Modem 5123, Exynos Modem 5300, Exynos 980, Exynos 1080, Exynos 9110, and Exynos Auto T5123. Memory corruption can occur due to insufficient parameter validation while decoding an SIP Min-SE header.",https://semiconductor.samsung.com/support/quality-support/product-security-updates/,2023.0,,,Yes,,Not Systemic,CWE-787,CVSS:3.1/AV:N/AC:L/PR:N/UI:N/S:U/C:N/I:N/A:H,7.5,3.9,3.6,N,,,,,NVD,,,,,,,
ATD-117,146.0,152,CVE-2023-29087,,,"An issue was discovered in Samsung Exynos Mobile Processor, Automotive Processor and Modem for Exynos Modem 5123, Exynos Modem 5300, Exynos 980, Exynos 1080, Exynos 9110, and Exynos Auto T5123. Memory corruption can occur due to insufficient parameter validation while decoding an SIP Retry-After header.",https://semiconductor.samsung.com/support/quality-support/product-security-updates/,2023.0,,,Yes,,Not Systemic,CWE-787,CVSS:3.1/AV:N/AC:L/PR:N/UI:N/S:U/C:N/I:N/A:H,7.5,3.9,3.6,N,,,,,NVD,,,,,,,
ATD-118,147.0,153,CVE-2023-29088,,,"An issue was discovered in Samsung Exynos Mobile Processor, Automotive Processor and Modem for Exynos Modem 5123, Exynos Modem 5300, Exynos 980, Exynos 1080, Exynos 9110, and Exynos Auto T5123. Memory corruption can occur due to insufficient parameter validation while decoding an SIP Session-Expires header.",https://semiconductor.samsung.com/support/quality-support/product-security-updates/,2023.0,,,Yes,,Not Systemic,CWE-787,CVSS:3.1/AV:N/AC:L/PR:N/UI:N/S:U/C:N/I:N/A:H,7.5,3.9,3.6,N,,,,,NVD,,,,,,,
ATD-119,148.0,154,CVE-2023-29089,,,"An issue was discovered in Samsung Exynos Mobile Processor, Automotive Processor and Modem for Exynos Modem 5123, Exynos Modem 5300, Exynos 980, Exynos 1080, Exynos 9110, and Exynos Auto T5123. Memory corruption can occur due to insufficient parameter validation while decoding SIP multipart messages.",https://semiconductor.samsung.com/support/quality-support/product-security-updates/,2023.0,,,Yes,,Not Systemic,CWE-125,CVSS:3.1/AV:N/AC:L/PR:N/UI:N/S:U/C:N/I:N/A:H,7.5,3.9,3.6,N,,,,,NVD,,,,,,,
ATD-120,149.0,155,CVE-2023-29090,,,"An issue was discovered in Samsung Exynos Mobile Processor, Automotive Processor and Modem for Exynos Modem 5123, Exynos Modem 5300, Exynos 980, Exynos 1080, Exynos 9110, and Exynos Auto T5123. Memory corruption can occur due to insufficient parameter validation while decoding an SIP Via header.",https://semiconductor.samsung.com/support/quality-support/product-security-updates/,2023.0,,,Yes,,Not Systemic,CWE-787,CVSS:3.1/AV:N/AC:L/PR:N/UI:N/S:U/C:N/I:N/A:H,7.5,3.9,3.6,N,,,,,NVD,,,,,,,
ATD-121,150.0,156,CVE-2023-29091,,,"An issue was discovered in Samsung Exynos Mobile Processor, Automotive Processor and Modem for Exynos Modem 5123, Exynos Modem 5300, Exynos 980, Exynos 1080, Exynos 9110, and Exynos Auto T5123. Memory corruption can occur due to insufficient parameter validation while decoding an SIP URI.",https://semiconductor.samsung.com/support/quality-support/product-security-updates/,2023.0,,,Yes,,Not Systemic,CWE-787,CVSS:3.1/AV:N/AC:L/PR:N/UI:N/S:U/C:N/I:N/A:H,7.5,3.9,3.6,N,,,,,NVD,,,,,,,
ATD-122,151.0,157,CVE-2023-32155,,,"Tesla Model 3 bcmdhd Out-Of-Bounds Write Local Privilege Escalation Vulnerability. This vulnerability allows local attackers to escalate privileges on affected Tesla Model 3 vehicles. An attacker must first obtain the ability to execute code on the wifi subsystem in order to exploit this vulnerability.    The specific flaw exists within the bcmdhd driver. The issue results from the lack of proper validation of user-supplied data, which can result in a write past the end of an allocated buffer. An attacker can leverage this vulnerability to escalate privileges and execute arbitrary code in the context of the kernel. Was ZDI-CAN-20733.",https://www.zerodayinitiative.com/advisories/ZDI-23-971/,2024.0,Yes,Yes,Yes,Yes,Not Systemic,,CVSS:3.1/AV:L/AC:H/PR:L/UI:N/S:C/C:H/I:H/A:H,7.8,1.1,6.0,L,,,,,NVD,,,,,,,
ATD-123,152.0,158,CVE-2023-32219,,,A Mazda model (2015-2016) can be unlocked via an unspecified method.,https://www.gov.il/en/Departments/faq/cve_advisories,2023.0,,Yes,Yes,Yes,Not Systemic,NVD-CWE-noinfo,CVSS:3.1/AV:N/AC:L/PR:N/UI:N/S:U/C:N/I:H/A:N,7.5,3.9,3.6,N,,,,,NVD,,,,,,,
ATD-124,153.0,159,CVE-2023-33031,,,Memory corruption in Automotive Audio while copying data from ADSP shared buffer to the VOC packet data buffer.,https://www.qualcomm.com/company/product-security/bulletins/november-2023-bulletin,2023.0,,,Yes,,Not Systemic,CWE-787,CVSS:3.1/AV:L/AC:L/PR:L/UI:N/S:U/C:H/I:H/A:H,7.8,1.8,5.9,L,,,,,NVD,,,,,,,
ATD-125,154.0,160,CVE-2023-33037,,,Cryptographic issue in Automotive while unwrapping the key secs2d and verifying with RPMB data.,https://www.qualcomm.com/company/product-security/bulletins/january-2024-bulletin,2024.0,,,Yes,Yes,Not Systemic,CWE-311,CVSS:3.1/AV:L/AC:L/PR:L/UI:N/S:U/C:H/I:N/A:N,5.5,1.8,3.6,L,,,,,NVD,,,,,,,
ATD-126,155.0,161,CVE-2023-33039,,,Memory corruption in Automotive Display while destroying the image handle created using connected display driver.,https://www.qualcomm.com/company/product-security/bulletins/october-2023-bulletin,2023.0,,,Yes,,Not Systemic,CWE-416,CVSS:3.1/AV:L/AC:L/PR:L/UI:N/S:U/C:H/I:H/A:H,7.8,1.8,5.9,L,,,,,NVD,,,,,,,
ATD-127,156.0,162,CVE-2023-33070,,,Transient DOS in Automotive OS due to improper authentication to the secure IO calls.,https://www.qualcomm.com/company/product-security/bulletins/december-2023-bulletin,2023.0,,,Yes,,Not Systemic,CWE-287,CVSS:3.1/AV:L/AC:L/PR:L/UI:N/S:U/C:N/I:N/A:H,5.5,1.8,3.6,L,,,,,NVD,,,,,,,
ATD-128,157.0,163,CVE-2023-33071,,,Memory corruption in Automotive OS whenever untrusted apps try to access HAb for graphics functionalities.,https://www.qualcomm.com/company/product-security/bulletins/december-2023-bulletin,2023.0,,,Yes,,Not Systemic,CWE-863,CVSS:3.1/AV:L/AC:L/PR:L/UI:N/S:U/C:H/I:H/A:H,7.8,1.8,5.9,L,,,,,NVD,,,,,,,
ATD-129,158.0,164,CVE-2023-33281,,,"The remote keyfob system on Nissan Sylphy Classic 2021 sends the same RF signal for each door-open request, which allows for a replay attack. NOTE: the vendor's position is that this cannot be reproduced with genuine Nissan parts: for example, the combination of keyfob and door handle shown in the exploit demonstration does not match any technology that Nissan provides to customers.",https://www.youtube.com/watch?v=GG1utSdYG1k,2023.0,,,Yes,Yes,Not Systemic,CWE-294,CVSS:3.1/AV:A/AC:L/PR:N/UI:N/S:U/C:N/I:H/A:N,6.5,2.8,3.6,A,,,,,NVD,,,,,,,
ATD-130,159.0,165,CVE-2023-36321,,,Connected Vehicle Systems Alliance (COVESA) up to v2.18.8 was discovered to contain a buffer overflow via the component /shared/dlt_common.c.,https://github.com/michael-methner/dlt-daemon/commit/8ac9a080bee25e67e49bd138d81c992ce7b6d899,2023.0,,,Yes,,Not Systemic,CWE-120,CVSS:3.1/AV:N/AC:L/PR:N/UI:N/S:U/C:N/I:N/A:H,7.5,3.9,3.6,N,,,,,NVD,,,,,,,
ATD-131,160.0,166,CVE-2023-3725,,,Potential buffer overflow vulnerability in the Zephyr CAN bus subsystem,https://github.com/zephyrproject-rtos/zephyr/security/advisories/GHSA-2g3m-p6c7-8rr3,2023.0,Yes,Yes,Yes,Yes,Potentially Systemic,CWE-787,CVSS:3.1/AV:N/AC:L/PR:N/UI:N/S:U/C:H/I:H/A:H,9.8,3.9,5.9,N,,,,,NVD,,,,,,,
ATD-132,161.0,167,CVE-2023-37367,,,"An issue was discovered in Samsung Exynos Mobile Processor, Automotive Processor, and Modem (Exynos 9820, Exynos 980, Exynos 850, Exynos 1080, Exynos 2100, Exynos 2200, Exynos 1280, Exynos 1380, Exynos 1330, Exynos Modem 5123, Exynos Modem 5300, and Exynos Auto T5123. In the NAS Task, an improperly implemented security check for standard can disallow desired services for a while via consecutive NAS messages.",https://semiconductor.samsung.com/support/quality-support/product-security-updates/,2023.0,,,Yes,,Not Systemic,CWE-863,CVSS:3.1/AV:N/AC:L/PR:N/UI:N/S:U/C:N/I:N/A:L,5.3,3.9,1.4,N,,,,,NVD,,,,,,,
ATD-133,162.0,168,CVE-2023-37368,,,"An issue was discovered in Samsung Exynos Mobile Processor, Automotive Processor, and Modem (Exynos Mobile Processor, Automotive Processor, and Modem - Exynos 9810, Exynos 9610, Exynos 9820, Exynos 980, Exynos 850, Exynos 1080, Exynos 2100, Exynos 2200, Exynos 1280, Exynos 1380, Exynos 1330, Exynos 9110, Exynos W920, Exynos Modem 5123, Exynos Modem 5300, and Exynos Auto T5123). In the Shannon MM Task, Missing validation of a NULL pointer can cause abnormal termination via a malformed NR MM packet.",https://semiconductor.samsung.com/support/quality-support/product-security-updates/,2023.0,,,Yes,,Not Systemic,CWE-476,CVSS:3.1/AV:N/AC:L/PR:N/UI:N/S:U/C:N/I:N/A:H,7.5,3.9,3.6,N,,,,,NVD,,,,,,,
ATD-134,163.0,169,CVE-2023-39801,,,A lack of exception handling in the Renault Easy Link Multimedia System Software Version 283C35519R allows attackers to cause a Denial of Service (DoS) via supplying crafted WMA files when connecting a device to the vehicle's USB plug and play feature.,https://github.com/zj3t/Automotive-vulnerabilities/blob/main/RENAULT/ZOE_EV_2021/Vuln%232/README.md,2023.0,,,Yes,,Not Systemic,CWE-755,CVSS:3.1/AV:P/AC:L/PR:N/UI:N/S:U/C:N/I:N/A:H,4.6,0.9,3.6,P,,,,,NVD,,,,,,,
ATD-135,164.0,170,CVE-2023-40291,,,Harman Infotainment 20190525031613 allows root access via SSH over a USB-to-Ethernet dongle with a password that is an internal project name.,https://autohack.in/2023/07/26/dude-its-my-car-how-to-develop-intimacy-with-your-car/,2023.0,Yes,Yes,Yes,Yes,Not Systemic,NVD-CWE-noinfo,CVSS:3.1/AV:P/AC:L/PR:N/UI:N/S:U/C:H/I:H/A:H,6.8,0.9,5.9,P,,,,,NVD,,,,,,,
ATD-136,165.0,171,CVE-2023-40293,,,Harman Infotainment 20190525031613 and later allows command injection via unauthenticated RPC with a D-Bus connection object.,https://autohack.in/2023/07/26/dude-its-my-car-how-to-develop-intimacy-with-your-car/,2023.0,Yes,Yes,Yes,Yes,Not Systemic,CWE-77,CVSS:3.1/AV:P/AC:L/PR:N/UI:N/S:U/C:H/I:H/A:H,6.8,0.9,5.9,P,,,,,NVD,,,,,,,
ATD-137,175.0,181,CVE-2023-41111,,,"An issue was discovered in Samsung Mobile Processor, Wearable Processor, Automotive Processor, and Modem (Exynos 9810, 9610, 9820, 980, 850, 1080, 2100, 2200, 1280, 1380, 1330, 9110, W920, Modem 5123, Modem 5300, and Auto T5123). Improper handling of a length parameter inconsistency can cause abnormal termination of a mobile phone. This occurs in the RLC task and RLC module.",https://semiconductor.samsung.com/support/quality-support/product-security-updates/,2023.0,,,Yes,,Not Systemic,CWE-787,CVSS:3.1/AV:N/AC:L/PR:N/UI:N/S:U/C:N/I:N/A:H,7.5,3.9,3.6,N,,,,,NVD,,,,,,,
ATD-138,176.0,182,CVE-2023-41112,,,"An issue was discovered in Samsung Mobile Processor, Wearable Processor, Automotive Processor, and Modem (Exynos 9810, 9610, 9820, 980, 850, 1080, 2100, 2200, 1280, 1380, 1330, 9110, W920, Modem 5123, Modem 5300, and Auto T5123). A buffer copy, without checking the size of the input, can cause abnormal termination of a mobile phone. This occurs in the RLC task and RLC module.",https://semiconductor.samsung.com/support/quality-support/product-security-updates/,2023.0,,,Yes,,Not Systemic,CWE-120,CVSS:3.1/AV:N/AC:L/PR:N/UI:N/S:U/C:N/I:N/A:H,7.5,3.9,3.6,N,,,,,NVD,,,,,,,
ATD-139,178.0,184,CVE-2023-43268,,,Deyue Remote Vehicle Management System v1.1 was discovered to contain a deserialization vulnerability.,https://github.com/Fliggyaaa/DeYue-remote-vehicle-management-system,2023.0,Yes,Yes,Yes,Yes,Potentially Systemic,CWE-502,CVSS:3.1/AV:N/AC:L/PR:L/UI:N/S:U/C:H/I:H/A:H,8.8,2.8,5.9,N,,,,,NVD,,,,,,,
ATD-140,179.0,185,CVE-2023-43517,,,Memory corruption in Automotive Multimedia due to improper access control in HAB.,https://www.qualcomm.com/company/product-security/bulletins/february-2024-bulletin,2024.0,,,Yes,Yes,Not Systemic,CWE-787,CVSS:3.1/AV:L/AC:L/PR:L/UI:N/S:U/C:H/I:H/A:H,7.8,1.8,5.9,L,,,,,NVD,,,,,,,
ATD-141,180.0,186,CVE-2023-43547,,,Memory corruption while invoking IOCTLs calls in Automotive Multimedia.,https://www.qualcomm.com/company/product-security/bulletins/march-2024-bulletin,2024.0,,,Yes,Yes,Not Systemic,,CVSS:3.1/AV:L/AC:L/PR:N/UI:N/S:U/C:H/I:H/A:H,8.4,2.5,5.9,L,,,,,NVD,,,,,,,
ATD-142,181.0,187,CVE-2023-6073,,,Attacker can perform a Denial of Service attack to crash the ICAS 3 IVI ECU in a Volkswagen ID.3 (and other vehicles of the VW Group with the same hardware) and spoof volume setting commands to irreversibly turn on audio volume to maximum via REST API calls.  ,https://asrg.io/cve-2023-6073-dos-and-control-of-volume-settings-for-vw-id-3-icas3-ivi-ecu/,2023.0,,,Yes,,Not Systemic,NVD-CWE-noinfo,CVSS:3.1/AV:A/AC:L/PR:L/UI:N/S:U/C:N/I:L/A:H,6.3,2.1,4.2,A,,,,,NVD,,,,,,,
ATD-143,186.0,192,CVE-2024-29666,,,Insecure Permissions vulnerability in Vehicle Monitoring platform system CMSV6 v.7.31.0.2 through v.7.32.0.3 allows a remote attacker to escalate privileges via the default password component.,https://github.com/whgojp/cve-reports/wiki/There-is-a-weak-password-in-the-CMSV6-vehicle-monitoring-platform-system,2024.0,,,Yes,,Not Systemic,,,,,,,,,,,NVD,,,,,,,
ATD-144,187.0,193,CVE-2024-30802,,,An issue in Vehicle Management System 7.31.0.3_20230412 allows an attacker to escalate privileges via the login.html component.,https://github.com/WarmBrew/web_vul/blob/main/TTX.md,2024.0,,,Yes,,Not Systemic,,,,,,,,,,,NVD,,,,,,,
ATD-145,188.0,194,CVE-2024-43851,,,"In the Linux kernel, the following vulnerability has been resolved:    soc: xilinx: rename cpu_number1 to dummy_cpu_number    The per cpu variable cpu_number1 is passed to xlnx_event_handler as  argument ""dev_id"", but it is not used in this function. So drop the  initialization of this variable and rename it to dummy_cpu_number.  This patch is to fix the following call trace when the kernel option  CONFIG_DEBUG_ATOMIC_SLEEP is enabled:    BUG: sleeping function called from invalid context at include/linux/sched/mm.h:274      in_atomic(): 1, irqs_disabled(): 0, non_block: 0, pid: 1, name: swapper/0      preempt_count: 1, expected: 0      CPU: 0 PID: 1 Comm: swapper/0 Not tainted 6.1.0 #53      Hardware name: Xilinx Versal vmk180 Eval board rev1.1 (QSPI) (DT)      Call trace:       dump_backtrace+0xd0/0xe0       show_stack+0x18/0x40       dump_stack_lvl+0x7c/0xa0       dump_stack+0x18/0x34       __might_resched+0x10c/0x140       __might_sleep+0x4c/0xa0       __kmem_cache_alloc_node+0xf4/0x168       kmalloc_trace+0x28/0x38       __request_percpu_irq+0x74/0x138       xlnx_event_manager_probe+0xf8/0x298       platform_probe+0x68/0xd8",https://git.kernel.org/stable/c/a5e507fadab76393cbc12344ebd65a417a09aa46,2024.0,,,Yes,,Not Systemic,,,,,,,,,,,NVD,,,,,,,
ATD-146,189.0,195,CVE-2024-5145,,,A vulnerability was found in SourceCodester Vehicle Management System up to 1.0 and classified as critical. This issue affects some unknown processing of the file /newdriver.php of the component HTTP POST Request Handler. The manipulation of the argument file leads to unrestricted upload. The attack may be initiated remotely. The exploit has been disclosed to the public and may be used. The identifier VDB-265289 was assigned to this vulnerability.,https://vuldb.com/?id.265289,2024.0,,,Yes,Yes,Not Systemic,CWE-434,,,,,,,,,,NVD,,,,,,,
ATD-147,190.0,196,CVE-2024-5377,,,A vulnerability was found in SourceCodester Vehicle Management System 1.0. It has been classified as critical. This affects an unknown part of the file /newvehicle.php. The manipulation of the argument file leads to unrestricted upload. It is possible to initiate the attack remotely. The exploit has been disclosed to the public and may be used. The identifier VDB-266289 was assigned to this vulnerability.,https://vuldb.com/?id.266289,2024.0,,,Yes,Yes,Not Systemic,CWE-434,,,,,,,,,,NVD,,,,,,,
ATD-148,194.0,405,,ID2002_Gupta_SSA1#,ID2002_Gupta_SSA1,Denial-of-Service-attack on the MAC-Layer of a WLAN network with 12x12 nodes,Denial of service attacks at the MAC layer in wireless ad hoc networks  Gupta,2002.0,,,,Yes,Not Systemic,CWE-693,CVSS:3.0/AV:N/AC:L/PR:N/UI:N/S:U/C:N/I:N/A:H,7.5,3.887042775,3.5952,N,,,,,AAD,,Wireless Attack,Simulation,Availability,WLAN,Throughput goes towards zero for all nodes.,
ATD-149,195.0,406,,ID2002_Gupta_SSA2#,ID2002_Gupta_SSA2,Disrupting direct neighbor in WLAN network,Denial of service attacks at the MAC layer in wireless ad hoc networks  Gupta,2002.0,,,,Yes,Not Systemic,CWE-664,CVSS:3.0/AV:N/AC:L/PR:N/UI:N/S:U/C:N/I:N/A:H,7.5,3.887042775,3.5952,N,,,,,AAD,,Wireless Attack,Simulation,Availability,WLAN,Throughput drops.,
ATD-150,196.0,407,,ID2002_Gupta_SSA3#,ID2002_Gupta_SSA3,Disrupting direct neighbor in WLAN network with several attack sources,Denial of service attacks at the MAC layer in wireless ad hoc networks  Gupta,2002.0,,,,Yes,Not Systemic,CWE-664,CVSS:3.0/AV:N/AC:L/PR:N/UI:N/S:U/C:N/I:N/A:H,7.5,3.887042775,3.5952,N,,,,,AAD,,Wireless Attack,Simulation,Availability,WLAN,"The throughput is reduced for most nodes. At a high data rate from the attacker node, the throughput goes towards zero.",
ATD-151,197.0,408,,ID2002_Gupta_SSA4#,ID2002_Gupta_SSA4,Disrupting component groups in WLAN network,Denial of service attacks at the MAC layer in wireless ad hoc networks  Gupta,2002.0,,,,Yes,Not Systemic,CWE-664,CVSS:3.0/AV:N/AC:L/PR:N/UI:N/S:U/C:N/I:N/A:H,7.5,3.887042775,3.5952,N,,,,,AAD,,Wireless Attack,Simulation,Availability,WLAN,High data rates lead to local overloads.,
ATD-152,198.0,"418, 419, 420",,"ID2003_Bellardo_MSA1_Step1, ID2003_Bellardo_MSA1_Step2_1#, ID2003_Bellardo_MSA1_Step3_1#",ID2003_Bellardo_MSA1,Monitoring WLAN communication# Deauthentication attack to prevent authentication that is necessary when connecting to an access point by spoofing an authentication message by the attacker# Blocking communication channel with Virtual Carrier Sense Attack for sending messages that contain a high value in the duration field of the message.,802.11 DenialofService Attacks: Real Vulnerabilities and Practical Solutions Bellardo,2003.0,,,Yes,,Not Systemic,"CWE-693, CWE-284",CVSS:3.0/AV:N/AC:L/PR:N/UI:N/S:U/C:N/I:H/A:H,9.1,3.887042775,5.177088,N,,,,,AAD,,Wireless Attack,Real Attack,"Confidentiality, Availability",WLAN,Identification of DenialofServiceVulnerabilities in the 802.11 Protocol# Spoofing of nodes and other MAC layer services possible. Spoofing of the Deauthentication message possible > DoS attack on client possible. Spoofing of the Association Message Spoofing of Polling messages  Spoofing of TIM Embassies Clients can be erroneously awakened and put to sleep. Monopolize entire channels by sending short messages at the end of the interframe space interval. Valid clients can be prevented from gaining access to the channel by placing a large data field on the channel during the connection handshake.,
ATD-153,199.0,472,,ID2004_Wullems_SSA1#,ID2004_Wullems_SSA1,Denial of service attack on WLAN communication channel occupying the channel,A trivial denial of service attack on IEEE 802.11 direct sequence spectrum wireless LANs Wullems,2004.0,,,,Yes,Not Systemic,CWE-664,CVSS:3.0/AV:N/AC:H/PR:N/UI:N/S:U/C:N/I:H/A:H,7.4,2.2211673,5.177088,N,,,,,AAD,,Wireless Attack,Real Attack,Availability,WLAN,Data flows are prevented. No defense mechanisms against attacks on DSSSbased WLANs at this time.,
ATD-154,200.0,"429, 790",,"ID2005_Alrabady_MSA1_Step2_1#, ID2005_Alrabady_MSA1_Step1",ID2005_Alrabady_MSA1,Gaining access to vehicle by Challenge Forward Prediction Attack,Analysis of Attacks Against the Security of KeylessEntry Systems for Vehicles and Suggestions for Improved Designs Alrabady,2005.0,,,,Yes,Not Systemic,CWE-693,CVSS:3.0/AV:N/AC:L/PR:N/UI:N/S:U/C:H/I:N/A:N,7.5,3.887042775,3.5952,N,,,,,AAD,,"Wireless Attack, Cryptographic Attack",Analysis,"Authentication, Confidentiality",RFID,Challenge Forward Prediction Attack: The attacker must be close to the vehicle owner and cannot therefore remain on the vehicle indefinitely.,Component 1: Electronic Control Unit (ECU) Car Access ECU Remote Keyless Entry (RKE)  Component 2: Actuator Key Transponder
ATD-155,201.0,426,,ID2005_Alrabady_SSA1#,ID2005_Alrabady_SSA1,Gaining access to vehicle by Scan Attack,Analysis of Attacks Against the Security of KeylessEntry Systems for Vehicles and Suggestions for Improved Designs Alrabady,2005.0,,,,Yes,Not Systemic,CWE-284,CVSS:3.0/AV:N/AC:H/PR:N/UI:N/S:U/C:H/I:H/A:N,7.4,2.2211673,5.177088,N,,,,,AAD,,Cryptographic Attack,Analysis,Confidentiality,RFID,Scan attack: Attacks are possible. Measures to increase security have other disadvantages.,Component 1: Electronic Control Unit (ECU) Car Access ECU Remote Keyless Entry (RKE)  Component 2: Actuator Key Transponder
ATD-156,202.0,427,,ID2005_Alrabady_SSA2#,ID2005_Alrabady_SSA2,Gaining access to vehicle by Playback Attack,Analysis of Attacks Against the Security of KeylessEntry Systems for Vehicles and Suggestions for Improved Designs Alrabady,2005.0,Yes,,Yes,,Potentially Systemic,CWE-284,CVSS:3.0/AV:N/AC:L/PR:N/UI:N/S:U/C:N/I:H/A:N,7.5,3.887042775,3.5952,N,,,,,AAD,,Wireless Attack,Analysis,Authentication,RFID,Playback Attack: Attack not possible if the transmitted code on both sides of the communication link changes every time the system becomes triggering.,Component 1: Electronic Control Unit (ECU) Car Access ECU Remote Keyless Entry (RKE)  Component 2: Actuator Key Transponder
ATD-157,203.0,428,,ID2005_Alrabady_SSA3#,ID2005_Alrabady_SSA3,Relay attack on keyless entry system of a vehicle,Analysis of Attacks Against the Security of KeylessEntry Systems for Vehicles and Suggestions for Improved Designs Alrabady,2005.0,,Yes,,,Not Systemic,CWE-693,CVSS:3.0/AV:N/AC:L/PR:N/UI:N/S:U/C:N/I:H/A:N,7.5,3.887042775,3.5952,N,,,,,AAD,,Wireless Attack,Analysis,Authentication,RFID,"TwoThief Attack: As long as LF signal is used from vehicle to CID and RF signal is used from CID to vehicle, it is a deterministic attack that is possible with the help of suitable electronic devices.",Component 1: Electronic Control Unit (ECU) Car Access ECU Remote Keyless Entry (RKE)  Component 2: Actuator Key Transponder
ATD-158,204.0,430,,ID2005_Alrabady_SSA4#,ID2005_Alrabady_SSA4,Gaining access to vehicle by Dictionary Attack,Analysis of Attacks Against the Security of KeylessEntry Systems for Vehicles and Suggestions for Improved Designs Alrabady,2005.0,,,,Yes,Not Systemic,CWE-284,CVSS:3.0/AV:N/AC:L/PR:N/UI:N/S:U/C:H/I:N/A:N,7.5,3.887042775,3.5952,N,,,,,AAD,,Cryptographic Attack,Analysis,Confidentiality,RFID,Dictionary Attack: Effort and probability for a successful attack depend strongly on the number of attempts.,Component 1: Electronic Control Unit (ECU) Car Access ECU Remote Keyless Entry (RKE)  Component 2: Actuator Key Transponder
ATD-159,205.0,"466, 467",,"ID2005_Bono_MSA1_Step1, ID2005_Bono_MSA1_Step2_1#",ID2005_Bono_MSA1,Reverse engineering of the cryptographic cipher of a RFID device# Cracking secret key,Security Analysis of a CryptographicallyEnabled RFID Device Bono,2005.0,,Yes,,,Not Systemic,"CWE-693, CWE-284",CVSS:3.0/AV:L/AC:H/PR:N/UI:N/S:U/C:H/I:N/A:N,5.1,1.4372259,3.5952,L,,,,,AAD,,Cryptographic Attack,Real Attack,Confidentiality,RFID,"Cipher is secret and available in detail Key could be calculated Through simulation, a vehicle could be started at a filling station.# Key could be cracked Vehicle theft possible",Component 1: Actuator Immobilizer   Component 2: Actuator Key Transponder RFID device (Digital Signature Transponder (DST)) Texas Instruments DST System (TI Series 2000  LF RFID Evaluation Kit) SpeedPassTM Token
ATD-160,206.0,461,,ID2005_Poulsen_SSA1#,ID2005_Poulsen_SSA1,Manipulating of traffic light devices by spoofing false messages from a MIRT device,Traffic Hackers Hit Red Lights Poulsen,2005.0,,Yes,,,Not Systemic,CWE-693,CVSS:3.0/AV:N/AC:H/PR:N/UI:N/S:U/C:N/I:H/A:N,5.9,2.2211673,3.5952,N,,,,,AAD,,Environment Attack,Analysis,Authentication,Infrared,Accidents through influenceing the devices,
ATD-161,207.0,542,,ID2006_Aijaz_SSA1#,ID2006_Aijaz_SSA1,"Getting an identifier in order to become a part of an inter-vehicle communication network. (General attack, to get access to a network)","Attacks on inter vehicle communication systemsan analysis Aijaz   Proc. WIT The authors show general attacks, which are described here, as well as more concrete attacks for: 1) Car to Car Traffic Applications, 2) Car to Infrastructure Applications, 3) Car to Home Applications, and 4) Routing based Applications.",2006.0,,,,Yes,Not Systemic,CWE-693,CVSS:3.0/AV:A/AC:L/PR:L/UI:N/S:U/C:L/I:N/A:N,3.5,2.068068156,1.41239999999999,A,,,,,AAD,,Cryptographic Attack,Analysis,Confidentiality,Component,"The attacker becomes part of the network. Thus, the attacker is able to send malicious messages or compromize the network.",
ATD-162,208.0,546,,ID2006_Aijaz_SSA10#,ID2006_Aijaz_SSA10,Linking a person and an identifier by obtaining access to a trusted entity. (General attack to violate privacy),"Attacks on inter vehicle communication systemsan analysis Aijaz   Proc. WIT The authors show general attacks, which are described here, as well as more concrete attacks for: 1) Car to Car Traffic Applications, 2) Car to Infrastructure Applications, 3) Car to Home Applications, and 4) Routing based Applications.",2006.0,,,,Yes,Not Systemic,CWE-664,CVSS:3.0/AV:P/AC:L/PR:N/UI:N/S:U/C:L/I:N/A:N,2.4,0.9145983,1.41239999999999,P,,,,,AAD,,Wireless Attack,Analysis,Confidentiality,Component,Access to a trusted entity. Privacy is violated by a link between a person and an identifier.,
ATD-163,209.0,547,,ID2006_Aijaz_SSA2#,ID2006_Aijaz_SSA2,"Manipulating a car by compromizing component connections. (General attack, to manipulate an On-Board-Unit input.)","Attacks on inter vehicle communication systemsan analysis Aijaz   Proc. WIT The authors show general attacks, which are described here, as well as more concrete attacks for: 1) Car to Car Traffic Applications, 2) Car to Infrastructure Applications, 3) Car to Home Applications, and 4) Routing based Applications.",2006.0,,,,Yes,Not Systemic,CWE-693,CVSS:3.0/AV:A/AC:L/PR:N/UI:N/S:U/C:N/I:H/A:N,6.5,2.83525473,3.5952,A,,,,,AAD,,Hardware Attack,Analysis,Integrity,Component,Component connection is compromized,
ATD-164,210.0,548,,ID2006_Aijaz_SSA3#,ID2006_Aijaz_SSA3,"Manipulating a car byreplacing an On-Board Unit  (General attack, to manipulate an On-Board-Unit input.)","Attacks on inter vehicle communication systemsan analysis Aijaz   Proc. WIT The authors show general attacks, which are described here, as well as more concrete attacks for: 1) Car to Car Traffic Applications, 2) Car to Infrastructure Applications, 3) Car to Home Applications, and 4) Routing based Applications.",2006.0,,,,Yes,Not Systemic,CWE-284,CVSS:3.0/AV:P/AC:L/PR:N/UI:N/S:U/C:N/I:H/A:N,4.6,0.9145983,3.5952,P,,,,,AAD,,Hardware Attack,Analysis,Integrity,Component,Custom malicious node is a part of the network.,
ATD-165,211.0,549,,ID2006_Aijaz_SSA4#,ID2006_Aijaz_SSA4,"Manipulating a car by setting component to service mode. (General attack, to manipulate an On-Board-Unit input.)","Attacks on inter vehicle communication systemsan analysis Aijaz   Proc. WIT The authors show general attacks, which are described here, as well as more concrete attacks for: 1) Car to Car Traffic Applications, 2) Car to Infrastructure Applications, 3) Car to Home Applications, and 4) Routing based Applications.",2006.0,,Yes,,,Not Systemic,CWE-693,CVSS:3.0/AV:A/AC:L/PR:N/UI:N/S:U/C:N/I:H/A:N,6.5,2.83525473,3.5952,A,,,,,AAD,,Diagnostic Attack,Analysis,Integrity,Component,Implemented test functions can be executed.,
ATD-166,212.0,550,,ID2006_Aijaz_SSA5#,ID2006_Aijaz_SSA5,"Manipulating a car by executing malicious code. (General attack, to manipulate an On-Board-Unit input.)","Attacks on inter vehicle communication systemsan analysis Aijaz   Proc. WIT The authors show general attacks, which are described here, as well as more concrete attacks for: 1) Car to Car Traffic Applications, 2) Car to Infrastructure Applications, 3) Car to Home Applications, and 4) Routing based Applications.",2006.0,,Yes,,,Not Systemic,CWE-664,CVSS:3.0/AV:L/AC:H/PR:L/UI:N/S:U/C:N/I:H/A:N,4.7,1.04832948,3.5952,L,,,,,AAD,,Software Attack,Analysis,Integrity,Software,Malicious code can be executed.,
ATD-167,213.0,543,,ID2006_Aijaz_SSA6#,ID2006_Aijaz_SSA6,"Manipulating a car by stressing a component. (General attack, to manipulate an On-Board-Unit input.)","Attacks on inter vehicle communication systemsan analysis Aijaz   Proc. WIT The authors show general attacks, which are described here, as well as more concrete attacks for: 1) Car to Car Traffic Applications, 2) Car to Infrastructure Applications, 3) Car to Home Applications, and 4) Routing based Applications.",2006.0,Yes,,Yes,,Not Systemic,CWE-707,CVSS:3.0/AV:L/AC:L/PR:N/UI:N/S:U/C:N/I:L/A:N,4.0,2.515145325,1.41239999999999,L,,,,,AAD,,Software Attack,Analysis,Integrity,Component,Wrong outputs can be forced temporarily.,
ATD-168,214.0,544,,ID2006_Aijaz_SSA7#,ID2006_Aijaz_SSA7,"Manipulating vehicle sensors. (General attack, to manipulate an On-Board-Unit input.)","Attacks on inter vehicle communication systemsan analysis Aijaz   Proc. WIT The authors show general attacks, which are described here, as well as more concrete attacks for: 1) Car to Car Traffic Applications, 2) Car to Infrastructure Applications, 3) Car to Home Applications, and 4) Routing based Applications.",2006.0,,,,Yes,Not Systemic,CWE-693,CVSS:3.0/AV:N/AC:L/PR:N/UI:N/S:U/C:N/I:L/A:N,5.3,3.887042775,1.41239999999999,N,,,,,AAD,,Environment Attack,Analysis,Integrity,Component Sensor,Sensor inputs are manipulated.,Sensor
ATD-169,215.0,545,,ID2006_Aijaz_SSA8#,ID2006_Aijaz_SSA8,Tracking a specific node by monitoring messages of a known node. (General attack to violate privacy.),"Attacks on inter vehicle communication systemsan analysis Aijaz   Proc. WIT The authors show general attacks, which are described here, as well as more concrete attacks for: 1) Car to Car Traffic Applications, 2) Car to Infrastructure Applications, 3) Car to Home Applications, and 4) Routing based Applications.",2006.0,,,,Yes,Not Systemic,CWE-664,CVSS:3.0/AV:N/AC:L/PR:N/UI:N/S:U/C:L/I:N/A:N,5.3,3.887042775,1.41239999999999,N,,,,,AAD,,Wireless Attack,Analysis,Confidentiality,Component,Network node can be tracked and messages can be observed.,
ATD-170,216.0,541,,ID2006_Aijaz_SSA9#,ID2006_Aijaz_SSA9,Linking a person and an identifier by observing behavior on a side channel. (General attack to violate privacy),"Attacks on inter vehicle communication systemsan analysis Aijaz   Proc. WIT The authors show general attacks, which are described here, as well as more concrete attacks for: 1) Car to Car Traffic Applications, 2) Car to Infrastructure Applications, 3) Car to Home Applications, and 4) Routing based Applications.",2006.0,,,,Yes,Not Systemic,CWE-664,CVSS:3.0/AV:P/AC:H/PR:L/UI:N/S:U/C:L/I:N/A:N,1.8,0.38121072,1.41239999999999,P,,,,,AAD,,Hardware Attack,Analysis,Confidentiality,Component,Privacy is violated and a link between a person and an identifier can be observed.,
ATD-171,217.0,413,,ID2006_Lemke_SSA1#,ID2006_Lemke_SSA1,Extraction of secret keys by executing side channel attacks,"Embedded Cryptography: Side Channel Attacks, in Embedded Security in Cars Lemke",2006.0,,Yes,,,Not Systemic,CWE-664,CVSS:3.0/AV:P/AC:H/PR:N/UI:N/S:U/C:H/I:N/A:N,4.2,0.5226276,3.5952,P,,,,,AAD,,Hardware Attack,Analysis,Confidentiality,ECU,Secret Keys were extracted,
ATD-172,218.0,414,,ID2006_Lemke_SSA2#,ID2006_Lemke_SSA2,Side Channel Attack through Simple Power Analysis,"Embedded Cryptography: Side Channel Attacks, in Embedded Security in Cars Lemke",2006.0,,Yes,,,Not Systemic,CWE-664,CVSS:3.0/AV:P/AC:H/PR:N/UI:N/S:U/C:H/I:N/A:N,4.2,0.5226276,3.5952,P,,,,,AAD,,Hardware Attack,Analysis,Confidentiality,ECU,Secret Keys were extracted,
ATD-173,219.0,415,,ID2006_Lemke_SSA3#,ID2006_Lemke_SSA3,Side Channel Attack through Differential Power Analysis,"Embedded Cryptography: Side Channel Attacks, in Embedded Security in Cars Lemke",2006.0,,Yes,,,Not Systemic,CWE-664,CVSS:3.0/AV:P/AC:H/PR:N/UI:N/S:U/C:H/I:N/A:N,4.2,0.5226276,3.5952,P,,,,,AAD,,Hardware Attack,Analysis,Confidentiality,ECU,Secret Keys were extracted,
ATD-174,220.0,416,,ID2006_Lemke_SSA4#,ID2006_Lemke_SSA4,Side Channel Attack through Internal Collision Attack,"Embedded Cryptography: Side Channel Attacks, in Embedded Security in Cars Lemke",2006.0,,Yes,,,Not Systemic,CWE-664,CVSS:3.0/AV:P/AC:H/PR:N/UI:N/S:U/C:H/I:N/A:N,4.2,0.5226276,3.5952,P,,,,,AAD,,Hardware Attack,Analysis,Confidentiality,ECU,Secret Keys were extracted,
ATD-175,221.0,417,,ID2006_Lemke_SSA5#,ID2006_Lemke_SSA5,Side Channel Attack through Template Attack,"Embedded Cryptography: Side Channel Attacks, in Embedded Security in Cars Lemke",2006.0,,Yes,,,Not Systemic,CWE-664,CVSS:3.0/AV:P/AC:H/PR:N/UI:N/S:U/C:H/I:N/A:N,4.2,0.5226276,3.5952,P,,,,,AAD,,Hardware Attack,Analysis,Confidentiality,ECU,Secret Keys were extracted,
ATD-176,222.0,402,,ID2006_Thuente_SSA1#,ID2006_Thuente_SSA1,Denial of service on WLAN communication by jamming attacks,Intelligent jamming in wireless networks with applications to 802.11b and other networks Thuente,2006.0,,,Yes,Yes,Not Systemic,CWE-693,CVSS:3.0/AV:N/AC:L/PR:N/UI:N/S:U/C:N/I:N/A:H,7.5,3.887042775,3.5952,N,,,,,AAD,,Wireless Attack,Simulation,Availability,WLAN,The network nodes interpret the network as occupied and therefore cannot send any data.,
ATD-177,223.0,403,,ID2006_Thuente_SSA2#,ID2006_Thuente_SSA2,Simple Periodic Jamming Attack to disrupt the network,Intelligent jamming in wireless networks with applications to 802.11b and other networks Thuente,2006.0,Yes,,Yes,Yes,Potentially Systemic,CWE-693,CVSS:3.0/AV:N/AC:L/PR:N/UI:N/S:U/C:N/I:N/A:H,7.5,3.887042775,3.5952,N,,,,,AAD,,Wireless Attack,Simulation,Availability,WLAN,The network nodes interpret the network as occupied and therefore cannot send any data.,
ATD-178,224.0,404,,ID2006_Thuente_SSA3#,ID2006_Thuente_SSA3,Execution of Intelligent Jamming Attack to disrupt the network,Intelligent jamming in wireless networks with applications to 802.11b and other networks Thuente,2006.0,Yes,,Yes,,Potentially Systemic,CWE-693,CVSS:3.0/AV:N/AC:L/PR:N/UI:N/S:U/C:N/I:N/A:H,7.5,3.887042775,3.5952,N,,,,,AAD,,Wireless Attack,Simulation,Availability,WLAN,The network nodes interpret the network as occupied and therefore cannot send any data.,
ATD-179,225.0,"462, 463, 464",,"ID2007_Barisani_MSA1_Step1, ID2007_Barisani_MSA1_Step2_1, ID2007_Barisani_MSA1_Step3_2#",ID2007_Barisani_MSA1,Monitoring Radio Data System# Hijacking of the communication channels.# Sending malicious RDS-TMC messages.,Unusual car navigation tricks: Injecting RDSTMC traffic information signals Barisani,2007.0,Yes,,Yes,,Potentially Systemic,"CWE-693, CWE-284",CVSS:3.0/AV:N/AC:H/PR:N/UI:N/S:U/C:H/I:H/A:N,7.4,2.2211673,5.177088,N,,,,,AAD,,Wireless Attack,Real Attack,"Confidentiality, Authentication",RDS,Information Gain on RDS Data Transmissions# Access to Communication Channel# Incorrect information is being channelled into the vehicle: traffic jam Bad weather Full parking garages Overcrowded workshop casualties road works  Diversion of the vehicle due to incorrect information,"Electronic Control Unit (ECU) Navigation ECU SatNav, Radio Data System (RDSTMC)"
ATD-180,226.0,"436, 437",,"ID2007_Kauer_MSA1_Step1, ID2007_Kauer_MSA1_Step2_1#",ID2007_Kauer_MSA1,Monitoring BIOS measurements# Overcoming TPM protection by execution of side channel attack to get trusted state,TPM Reset Attack Kauer,2007.0,,,,Yes,Not Systemic,"CWE-693, CWE-284",CVSS:3.0/AV:L/AC:H/PR:N/UI:N/S:U/C:H/I:H/A:N,6.7,1.4372259,5.177088,L,,,,,AAD,,Hardware Attack,Real Attack,"Confidentiality, Integrity",ECU,Obtainment of measurements from BIOS# TPM could be brought into any possible configuration and into a trusted state,Electronic Control Unit (ECU) Trusted Platform Module (TPM)
ATD-181,227.0,392,,ID2007_Sparks_SSA1#,ID2007_Sparks_SSA1,Bypassing TPM protection by executing software attacks,A Security Assessment of Trusted Platform Modules Sparks,2007.0,,Yes,,Yes,Not Systemic,CWE-693,CVSS:3.0/AV:L/AC:H/PR:N/UI:N/S:U/C:N/I:H/A:N,5.1,1.4372259,3.5952,L,,,,,AAD,,Software Attack,Real Attack,Integrity,ECU,TPM measurement can be bypassed,"Electronic Control Unit (ECU) Trusted Platform Module (TPM) IBM NetVista PC (Atmel TPM v1.1b) Linux v2.6.15.6 (TPM device driver statically compiled into the kernel) with Trusted GRUB (Secure Bootloader) 3 inches isolated 30gage Draht Dell PC (Intel Core2 Duo, Open Solaris, STMicro v1.2 TPM)"
ATD-182,228.0,393,,ID2007_Sparks_SSA2#,ID2007_Sparks_SSA2,Bypassing TPM protection by executing side channel attacks on TPM,A Security Assessment of Trusted Platform Modules Sparks,2007.0,,Yes,Yes,,Not Systemic,CWE-284,CVSS:3.0/AV:L/AC:H/PR:N/UI:N/S:U/C:H/I:N/A:N,5.1,1.4372259,3.5952,L,,,,,AAD,,Hardware Attack,Real Attack,Integrity,ECU,Execute an insecure configuration and thus control over all available operations of the trusted platform.,"Electronic Control Unit (ECU) Trusted Platform Module (TPM) IBM NetVista PC (Atmel TPM v1.1b) Linux v2.6.15.6 (TPM device driver statically compiled into the kernel) with Trusted GRUB (Secure Bootloader) 3 inches isolated 30gage Draht Dell PC (Intel Core2 Duo, Open Solaris, STMicro v1.2 TPM)"
ATD-183,229.0,394,,ID2007_Sparks_SSA3#,ID2007_Sparks_SSA3,Getting the RSA key by side channel attacks on TPM,A Security Assessment of Trusted Platform Modules Sparks,2007.0,,,,Yes,Not Systemic,CWE-664,CVSS:3.0/AV:L/AC:H/PR:N/UI:N/S:U/C:H/I:N/A:N,5.1,1.4372259,3.5952,L,,,,,AAD,,Hardware Attack,Real Attack,Confidentiality,ECU,Conclusions on the RSA key,"Electronic Control Unit (ECU) Trusted Platform Module (TPM) IBM NetVista PC (Atmel TPM v1.1b) Linux v2.6.15.6 (TPM device driver statically compiled into the kernel) with Trusted GRUB (Secure Bootloader) 3 inches isolated 30gage Draht Dell PC (Intel Core2 Duo, Open Solaris, STMicro v1.2 TPM)"
ATD-184,230.0,"482, 483, 484",,"ID2007_Spill_MSA1_Step1, ID2007_Spill_MSA1_Step2_1, ID2007_Spill_MSA1_Step3_2#",ID2007_Spill_MSA1,Monitoring Bluetooth traffic# Monitoring MAC# Reverse Engineering Bluetooth Hopping Scheme,BlueSniff: Eve Meets Alice and Bluetooth Spill,2007.0,,,,Yes,Not Systemic,CWE-693,CVSS:3.0/AV:L/AC:H/PR:N/UI:N/S:U/C:H/I:N/A:N,5.1,1.4372259,3.5952,L,,,,,AAD,,Wireless Attack,Real Attack,Confidentiality,Bluetooth,"Obtainment of the Bluetooth MAC# Hopping sequence can be determined, the correct channel can be detected and thus a whitented packet can be read",
ATD-185,231.0,"381, 382, 383",,"ID2008_Blum_MSA1_Step1, ID2008_Blum_MSA1_Step2_1, ID2008_Blum_MSA1_Step3_2#",ID2008_Blum_MSA1,Sporadic Partial Jamming Attack to disrupt the WAVE (Wireless Access in Vehicular Environments) Standard network# Substained Partial Jamming Attack to disrupt the WAVE (Wireless Access in Vehicular Environments) Standard network# Complete Jamming Attack to disrupt the WAVE (Wireless Access in Vehicular Environments) Standard network,Denial of Service Attacks on InterVehicle Communication Networks  Blum   IEEE ITSC,2008.0,,Yes,,,Not Systemic,CWE-693,CVSS:3.0/AV:N/AC:L/PR:N/UI:N/S:U/C:N/I:N/A:H,7.5,3.887042775,3.5952,N,,,,,AAD,,Wireless Attack,Simulation,Availability,WLAN,Attacks are affecting the reception of data pakets for jamming attacks,
ATD-186,232.0,432,,ID2008_Courtois_SSA1#,ID2008_Courtois_SSA1,Overcome immobilizer by cryptoanalysis of the Keeloq cipher,Algebraic and Slide Attacks on Keeloq Courtois,2008.0,,,,Yes,Not Systemic,CWE-693,CVSS:3.0/AV:L/AC:H/PR:N/UI:N/S:U/C:H/I:N/A:N,5.1,1.4372259,3.5952,L,,,,,AAD,,Cryptographic Attack,Real Attack,Confidentiality,Software,Second Slide Algebraic Attack can break KeeLoq within 2^64 CPUClocks with 2^16 known plaintexts,Electronic Control Unit (ECU) Car Access ECU Keeloq Algorithm: block cipher 64 bit key and 32 bit blocks code hopping protocol and key derivation scheme
ATD-187,233.0,433,,ID2008_Courtois_SSA2#,ID2008_Courtois_SSA2,Cryptoanalysis of KeeLoq Cipher,Algebraic and Slide Attacks on Keeloq Courtois,2008.0,,Yes,,Yes,Not Systemic,CWE-693,CVSS:3.0/AV:L/AC:H/PR:N/UI:N/S:U/C:H/I:N/A:N,5.1,1.4372259,3.5952,L,,,,,AAD,,Cryptographic Attack,Real Attack,Confidentiality,Software,Second Slide Algebraic Attack can break KeeLoq within 2^64 CPUClocks with 2^16 known plaintexts,Electronic Control Unit (ECU) Car Access ECU Keeloq Algorithm: block cipher 64 bit key and 32 bit blocks code hopping protocol and key derivation scheme
ATD-188,234.0,434,,ID2008_Courtois_SSA3#,ID2008_Courtois_SSA3,Cryptoanalysis of KeeLoq Cipher to distinguish rounds,Algebraic and Slide Attacks on Keeloq Courtois,2008.0,,Yes,,Yes,Not Systemic,CWE-693,CVSS:3.0/AV:L/AC:H/PR:N/UI:N/S:U/C:L/I:N/A:N,2.9,1.4372259,1.41239999999999,L,,,,,AAD,,Cryptographic Attack,Real Attack,Confidentiality,Software,Second Slide Algebraic Attack can break KeeLoq within 2^64 CPUClocks with 2^16 known plaintexts,Electronic Control Unit (ECU) Car Access ECU Keeloq Algorithm: block cipher 64 bit key and 32 bit blocks code hopping protocol and key derivation scheme
ATD-189,235.0,435,,ID2008_Courtois_SSA4#,ID2008_Courtois_SSA4,Cryptoanalysis of KeeLoq Cipher to calculate pair lists,Algebraic and Slide Attacks on Keeloq Courtois,2008.0,Yes,,Yes,,Not Systemic,CWE-693,CVSS:3.0/AV:L/AC:H/PR:N/UI:N/S:U/C:L/I:N/A:N,2.9,1.4372259,1.41239999999999,L,,,,,AAD,,Cryptographic Attack,Real Attack,Confidentiality,Software,Second Slide Algebraic Attack can break KeeLoq within 2^64 CPUClocks with 2^16 known plaintexts,Electronic Control Unit (ECU) Car Access ECU Keeloq Algorithm: block cipher 64 bit key and 32 bit blocks code hopping protocol and key derivation scheme
ATD-190,236.0,"364, 365, 366, 367, 368",,"ID2008_Eisenbarth_MSA1_Step1, ID2008_Eisenbarth_MSA1_Step2_1, ID2008_Eisenbarth_MSA1_Step3_2#, ID2008_Eisenbarth_MSA1_Step4_2#, ID2008_Eisenbarth_MSA1_Step5_2#",ID2008_Eisenbarth_MSA1,Analysis of Cipher# Energy measurment ECU# Reading Secret Key by Hardware Attack on the code hopping encoder.# Secret Key Derivation by Software Attack on the code hopping decoder.# Denial of Service on KeeLoq,On the Power of Power Analysis in the Real World: A Complete Break of the KeeLoqCode Hopping Scheme Eisenbarth,2008.0,,Yes,,,Not Systemic,"CWE-693, CWE-664",CVSS:3.0/AV:P/AC:H/PR:N/UI:N/S:U/C:H/I:N/A:H,5.7,0.5226276,5.177088,P,,,,,AAD,,"Cryptographic Attack, Hardware Attack, Software Attack",Real Attack,"Confidentiality, Availability","Software, ECU",Identified Leakage Points# Measured Power Traces# Hardware attack: Reading the Secret Key from DIP package Ics with only 6 Power Traces .# Software attack: Key derivation algorithm could be identified.# Denial of service possible,"Electronic Control Unit (ECU) Car Access ECU Receiver: Readingprotected PIC Mikrocontroller, with Keeloq Algorithm: block cipher 64 bit key and 32 bit blocks code hopping protocol and key derivation scheme Transmitter: HCSXXX Modules HCS200, HCS201, HCS300, HCS301, HCS361, HCS362, HCS410"
ATD-191,237.0,"374, 375",,"ID2008_Iehira_MSA1_Step1, ID2008_Iehira_MSA1_Step2_1#",ID2008_Iehira_MSA1,Forcing Bit Error in CAN communication# Spoofing Attack Using Bus-off Attacks against a Specific ECU of the CAN Bus,Spoofing Attack Using Busoff Attacks against a Specific ECU of the CAN Bus  Iehira,2008.0,Yes,,Yes,,Potentially Systemic,CWE-693,CVSS:3.0/AV:A/AC:L/PR:N/UI:N/S:U/C:N/I:H/A:H,8.1,2.83525473,5.177088,A,,,,,AAD,,Bus Attack,Real Attack,Availability,ECU,Error Frames on CAN# Changing the displayed speed in the instrument cluster,Electronic Control Unit (ECU) Instrument Cluster
ATD-192,238.0,"493, 494",,"ID2008_Nilsson_MSA1_Step1, ID2008_Nilsson_MSA1_Step2_1#",ID2008_Nilsson_MSA1,Monitoring of FlexRay messages by eavesdropping of the channel# Spoofing of FlexRay messages,A First Simulation of Attacks in the Automotive Network Protocol FlexRay Nilsson   CISIS'08,2008.0,,Yes,,Yes,Not Systemic,CWE-693,CVSS:3.0/AV:A/AC:H/PR:N/UI:N/S:U/C:H/I:H/A:N,6.8,1.62014555999999,5.177088,A,,,,,AAD,,Bus Attack,Simulation,"Confidentiality, Authentication",FlexRay,Messages can be read# Messages can be spoofed onto the bus. Example: Activating the rear brake lights,
ATD-193,239.0,505,,ID2009_Rubinstein_SSA1#,ID2009_Rubinstein_SSA1,Investigation of vulnerabilities in static machine learning,Stealthy poisoning attacks on PCAbased anomaly detectors Rubinstein,2009.0,Yes,,Yes,Yes,Not Systemic,CWE-707,CVSS:3.0/AV:L/AC:H/PR:N/UI:N/S:U/C:N/I:H/A:N,5.1,1.4372259,3.5952,L,,,,,AAD,,Artificial Intelligence Attack,Real Attack,Integrity,Software,"To get a 50% chance that the DoS attack will not be detected, the attacker must increase the volume for each link in the target flow by an average of 18%. With Boiling Frog, the volume must increase by only 5%.",
ATD-194,240.0,492,,ID2009_Winter_SSA1#,ID2009_Winter_SSA1,Eavesdropping attack on the TPM communication,Eavesdropping trusted platform module communication  Winter   ETISS,2009.0,,,,Yes,Not Systemic,CWE-693,CVSS:3.0/AV:P/AC:L/PR:N/UI:N/S:U/C:H/I:N/A:N,4.6,0.9145983,3.5952,P,,,,,AAD,,Bus Attack,Real Attack,Confidentiality,ECU,Eavesdropping and monitoring the traffic of the platforms LPC bus. Revelation of the sealed secret,Electronic Control Unit (ECU) Trusted Platform Module (TPM) Intel D845EBG desktop board with an Infineon TPM v1.1b daughterboard
ATD-195,241.0,"307, 308, 309, 310, 311",,"ID2010_Hoppe_MSA1_Step1, ID2010_Hoppe_MSA1_Step2_1, ID2010_Hoppe_MSA1_Step3_2, ID2010_Hoppe_MSA1_Step4_3, ID2010_Hoppe_MSA1_Step5_4#",ID2010_Hoppe_MSA1,Monitoring CAN messages# Sending malicious CAN messages# Replay of a valid CAN message in order to open and close the window# Activation of the control light in the instrument cluster by spoofing CAN messages from an emulated airbag ECU# Information gathering by capturing the CAN traffic,Security threats to automotive CAN networks Â– Practical examples and selecte shortterm countermeasures   Hoppe,2010.0,,,,Yes,Not Systemic,"CWE-693, CWE-284",CVSS:3.0/AV:A/AC:L/PR:N/UI:N/S:C/C:H/I:H/A:N,9.3,2.83525473,5.75763096779508,A,,,,,AAD,,Bus Attack,Simulation,"Confidentiality, Authentication","CANBus, OBD",Obtainment of CAN messages# Opening the window by activation of the window lift# Turning signal could be suppressed# Airbag control light in the instrument cluster could be activated# Reverse Engineered Gateway functionality,# Actuator Window Lift# Actuator Turn Signals# Component 1: Electronic Control Unit (ECU) Instrument Cluster   Component 2: Electronic Control Unit (ECU) Airbag ECU# Electronic Control Unit (ECU) Central Gateway
ATD-196,242.0,"203, 204, 205, 787",,"ID2010_Koscher_MSA1_Step1, ID2010_Koscher_MSA1_Step2_1, ID2010_Koscher_MSA1_Step4_3#, ID2010_Koscher_MSA1_Step3_2",ID2010_Koscher_MSA1,Reading memory contents from the telematics ECU without sufficient authentication# Reverse Engineering of the firmware from the telematics ECU# Bridging of two CAN networks by flashing modified firmware on the telematics ECU# Firmware Modification,Experimental Security Analysis of a Modern Automobile Koscher,2010.0,,Yes,,,Not Systemic,"CWE-284, CWE-710, CWE-693",CVSS:3.0/AV:L/AC:H/PR:N/UI:N/S:C/C:H/I:H/A:N,7.8,1.4372259,5.75763096779508,L,,,,,AAD,,"Diagnostic Attack, Software Attack",Real Attack,"Confidentiality, Integrity",OBD,Firmware with hardcoded keys could be extracted without any authentication# Firmware could be reverse engineered. Firmware functions could be identified# Bridging of both CAN networks through injection of malicious code into the telematic module# Maclicious firmware image created,Electronic Control Unit (ECU) Telematics ECU Telematics Module (Telematics)
ATD-197,243.0,200,,ID2010_Koscher_SSA1#,ID2010_Koscher_SSA1,Brute force attack on security access lead to extraction of the key in 1.5 days.,Experimental Security Analysis of a Modern Automobile Koscher,2010.0,,,,Yes,Not Systemic,CWE-284,CVSS:3.0/AV:A/AC:L/PR:N/UI:N/S:U/C:H/I:N/A:N,6.5,2.83525473,3.5952,A,,,,,AAD,,Cryptographic Attack,Real Attack,Confidentiality,ECU,Key could be found in 1.5 days,Electronic Control Unit (ECU) Brake System ECU Electronic Brake Control Module (EBCM)
ATD-198,244.0,201,,ID2010_Koscher_SSA2#,ID2010_Koscher_SSA2,Deactivation of the ECU communication over CAN by using a standard diagnostic function,Experimental Security Analysis of a Modern Automobile Koscher,2010.0,,Yes,,,Not Systemic,CWE-284,CVSS:3.0/AV:A/AC:L/PR:N/UI:N/S:C/C:N/I:N/A:H,7.4,2.83525473,3.992805377514,A,,,,,AAD,,Diagnostic Attack,Real Attack,Availability,OBD,ECU communication disabled while driving,"Component 1: Electronic Control Unit (ECU) Engine ECU Engine Control Module (ECM)  Component 2: Electronic Control Unit (ECU) Brake System ECU Electronic Brake Control Module (EBCM)  Component 3: Electronic Control Unit (ECU) Transmission ECU Transmission Control Module (TCM)  Component 4: Electronic Control Unit (ECU) Body Control ECU Body Control Module (BCM)  Component 5: Electronic Control Unit (ECU) Telematics ECU Telematics Module (Telematics)  Component 6: Electronic Control Unit (ECU) Car Access ECU Remote Control Door Lock Receiver (RCDLR)  Component 7: Electronic Control Unit (ECU) Air Condition ECU Heating, Ventilation, Air Conditioning (HVAC)  Component 8: Electronic Control Unit (ECU) Airbag ECU Inflatable Restraint Sensing and Diagnostic Module (SDM)  Component 9: Electronic Contr`ol Unit (ECU) Instrument Cluster Instrument Cluster/Driver Information Center (IPC/DIC)  Component 10: Electronic Control Unit (ECU) Radio ECU Radio   Component 11: Electronic Control Unit (ECU) Theft Warning ECU Theft Deterrent Module (TDM)"
ATD-199,245.0,202,,ID2010_Koscher_SSA3#,ID2010_Koscher_SSA3,Engine shutdown through setting the ECU into flash mode while the vehicle is driving by sending a standard command via CAN,Experimental Security Analysis of a Modern Automobile Koscher,2010.0,,Yes,,Yes,Not Systemic,CWE-284,CVSS:3.0/AV:A/AC:L/PR:N/UI:N/S:C/C:N/I:N/A:H,7.4,2.83525473,3.992805377514,A,,,,,AAD,,Diagnostic Attack,Real Attack,Availability,OBD,Engine shutdown during change to flash mode,"Component 1: Electronic Control Unit (ECU) Engine ECU Engine Control Module (ECM),  Component 2: Electronic Control Unit (ECU) Transmission ECU Transmission Control Module (TCM)"
ATD-200,246.0,206,,ID2010_Koscher_SSA4#,ID2010_Koscher_SSA4,Unsafe activation of different vehicle functions by sending DeviceControl messages to different ECUs via CAN,Experimental Security Analysis of a Modern Automobile Koscher,2010.0,,Yes,Yes,Yes,Not Systemic,CWE-693,CVSS:3.0/AV:A/AC:L/PR:N/UI:N/S:C/C:N/I:H/A:N,7.4,2.83525473,3.992805377514,A,,,,,AAD,,Diagnostic Attack,Real Attack,Authentication,OBD,"BCM:  Activation of vehicle lock, activation of windscreen wiper, opening of luggage compartment, deactivation of immobiliser, activation of horn, deactivation of dipped beam lights (Auto Light Control), deactivation of additional lights, deactivation of window lifter and key lock, activation of spray nozzles, change of horn frequency, change of brightness of interior lighting, change of brightness of instrument lighting, deactivation of brake and additional lights, deactivation of windscreen wiper,  Activation of the alarm system, de and retriggering of the vehicle, remote start of the vehicle  EBCM: Brake actuation and release, parking prevention  IPC: Changing the speed display, changing the display display  Radio: Broadcast a tick tone, increase the radio volume, change the display",Component 1: Electronic Control Unit (ECU) Body Control ECU Body Control Module (BCM)  Component 2: Electronic Control Unit (ECU) Brake System ECU Electronic Brake Control Module (EBCM)  Component 3: Electronic Control Unit (ECU) Radio ECU Radio  Component 4: Electronic Control Unit (ECU) Engine ECU Engine Control Module (ECM)  Component 5: Electronic Control Unit (ECU) Instrument Cluster Instrument Panel Cluster (IPC)
ATD-201,247.0,328,,ID2010_Poulsen_SSA1#,ID2010_Poulsen_SSA1,Prevent engine from starting and activation of the vehicle horn by command spoofing from web application (insider attack),https://www.wired.com/2010/03/hackerbrickscars/  Poulsen,2010.0,,Yes,,Yes,Not Systemic,CWE-693,CVSS:3.0/AV:N/AC:H/PR:N/UI:N/S:C/C:N/I:H/A:H,8.7,2.2211673,5.75763096779508,N,,,,,AAD,,Software Attack,Real Attack,Authentication,Cellular,Prevention of engine start. Durable activation of the horn (scaling attack on different car manufacturers).,Actuator Immobilizer
ATD-202,248.0,"312, 313, 314",,"ID2010_Rouf_MSA1_Step1, ID2010_Rouf_MSA1_Step2_1, ID2010_Rouf_MSA1_Step3_2#",ID2010_Rouf_MSA1,Tracking of vehicles by triggering the TPMS sensors and capturing the responses# Monitoring TPMS data traffic under real driving conditions# Triggering of tire pressure warning for the vehicle driver by spoofing of TPMS messages,Security and Privacy Vulnerabilities of InCar Wireless Networks: A Tire Pressure Monitoring System Case Study  Rouf,2010.0,,Yes,,Yes,Not Systemic,CWE-693,CVSS:3.0/AV:N/AC:H/PR:N/UI:N/S:U/C:L/I:H/A:N,6.5,2.2211673,4.216656,N,,,,,AAD,,Wireless Attack,Real Attack,"Confidentiality, Authentication",TPMS,"Information Gain of Signal Modulation and Coding Schemes# Tracking of vehicles possible# Monitoring or spoofing of messages via remote.  Triggering of warning lights and tyre pressure indication in the instrument cluster. Packet spoofing can drain battery. After two days of experiment, the ECU crashed and the TPMS service was no longer functional (permanent defect).",Electronic Control Unit (ECU) Tire Presure Measurement System ECU Tire Presure Measurement System (TPMS)
ATD-203,249.0,"324, 325, 326, 327",,"ID2011_Baile_MSA1_Step1, ID2011_Baile_MSA1_Step2_1, ID2011_Baile_MSA1_Step3_2, ID2011_Baile_MSA1_Step4_3#",ID2011_Baile_MSA1,Reverse Engineering GSM connection# Sending malicious messages to communicate with board computer# Unlocking and starting of vehicles by using a malicious SMS# Capturing GPS coordinates by setting um an ad-hoc GSM network and catching SMS (contains coordinates) that is sent from car to server,https://www.cbsnews.com/news/theftviatextcarsvulnerabletohackattacks/  Baile,2011.0,,Yes,,Yes,Not Systemic,CWE-693,CVSS:3.0/AV:N/AC:H/PR:N/UI:N/S:U/C:H/I:H/A:N,7.4,2.2211673,5.177088,N,,,,,AAD,,Wireless Attack,Real Attack,"Confidentiality, Authentication",Cellular,Information Gain of Data Transmissions of the GSM network# Communication with Board Computer# Unlocking the door. Deactivation of the alarm# Capturing of GPS coordinates. Locating the vehicle,"Electronic Control Unit (ECU) Remote Gateway GPS, manufactured by Zoombak Inc."
ATD-204,250.0,"207, 208, 209, 210",,"ID2011_Checkoway_MSA1_Step1, ID2011_Checkoway_MSA1_Step2_1, ID2011_Checkoway_MSA1_Step3_2, ID2011_Checkoway_MSA1_Step4_3#",ID2011_Checkoway_MSA1,Firmware Extraction# Reverse Engineering Firmware# Memory Dump and identification of exploitable funtion pointers# Firmware update on ECU by a custom ISO 9660 formatted CD and Execution of any code function by exploiting a buffer overflow vulnerability in the WMA parser.,Comprehensive Experimental Analysis of Automotive Attack Surfaces   Checkoway,2011.0,,Yes,,Yes,Not Systemic,"CWE-664, CWE-710",CVSS:3.0/AV:P/AC:H/PR:N/UI:N/S:C/C:H/I:H/A:N,6.8,0.5226276,5.75763096779508,P,,,,,AAD,,Software Attack,Real Attack,"Confidentiality, Integrity",CD,Firmware could be extracted# Information Gain of Firmware Functionality# Identification of funtion pointers that could be overwritten# Sending of any CAN message to the network,"Electronic Control Unit (ECU) Infotainment ECU Media Player (SuperHbased, unused UARTInterface, AM and FM, digital FM (RDS), Satellite Radio, ability to decode MP3, WMA and raw Red Book audio, ISO 9660)"
ATD-205,251.0,"211, 212, 213",,"ID2011_Checkoway_MSA2_Step1, ID2011_Checkoway_MSA2_Step2_1, ID2011_Checkoway_MSA2_Step3_2#",ID2011_Checkoway_MSA2,Information Gathering# Reverse Engineering of Communication# Unauthorized Sending of CAN messages on the bus through Wi-Fi connection to diagnostic PassThru device which is attached to OBD,Comprehensive Experimental Analysis of Automotive Attack Surfaces   Checkoway,2011.0,,Yes,,Yes,Not Systemic,"CWE-693, CWE-284",CVSS:3.0/AV:L/AC:H/PR:N/UI:N/S:U/C:H/I:H/A:N,6.7,1.4372259,5.177088,L,,,,,AAD,,Bus Attack,Real Attack,"Confidentiality, Authentication",OBD,"Information Gain of Communication between Devices# Identification of input validation bugs in the implementation of the protocol that allow an attacker to run arbitrary Bourne Shell commands via shellinjection, thus compromising the unit.# Sending of any CAN message to the network. If the attacker is connected to the WiFi network of a dealership she can activate all PassThru devices (worm possible)","Electronic Control Unit (ECU) Infotainment ECU Media Player (SuperHbased, unused UARTInterface, AM and FM, digital FM (RDS), Satellite Radio, ability to decode MP3, WMA and raw Red Book audio, ISO 9660)"
ATD-206,252.0,"214, 215, 216, 217",,"ID2011_Checkoway_MSA3_Step1, ID2011_Checkoway_MSA3_Step2_1, ID2011_Checkoway_MSA3_Step3_2, ID2011_Checkoway_MSA3_Step4_3#",ID2011_Checkoway_MSA3,Firmware Extraction# Reverse Engineering Firmware# Development of malicious smartphone application for authorized user smartphone that checks for new Bluetooth connections. If a telematic device is in range the app connects to it.# Sending malicious Payload,Comprehensive Experimental Analysis of Automotive Attack Surfaces   Checkoway,2011.0,Yes,,Yes,,Not Systemic,"CWE-664, CWE-710",CVSS:3.0/AV:L/AC:H/PR:N/UI:N/S:U/C:H/I:H/A:N,6.7,1.4372259,5.177088,L,,,,,AAD,,Software Attack,Real Attack,"Confidentiality, Integrity",Bluetooth,Obtainment of Telematic Firmware# Information Gain of Firmware Functionality# Authorized communication with telematic device possible.# Buffer overflow with paired Android phone and Trojan app,Electronic Control Unit (ECU) Telematics ECU Telematics (UNIXOS)
ATD-207,253.0,"218, 219, 220",,"ID2011_Checkoway_MSA4_Step1, ID2011_Checkoway_MSA4_Step2_1, ID2011_Checkoway_MSA4_Step3_2#",ID2011_Checkoway_MSA4,Monitoring Data Traffic# Brute Forcing PIN# Execution of malicious code by every connected Bluetooth device. Sending malicious messages,Comprehensive Experimental Analysis of Automotive Attack Surfaces   Checkoway,2011.0,Yes,,Yes,,Potentially Systemic,"CWE-693, CWE-284, CWE-707",CVSS:3.0/AV:N/AC:L/PR:N/UI:N/S:U/C:H/I:H/A:N,9.1,3.887042775,5.177088,N,,,,,AAD,,"Wireless Attack, Cryptographic Attack, Software Attack",Real Attack,"Confidentiality, Integrity",Bluetooth,Obtainment of Bluetooth MAC address# Obtainment of Bluetooth PIN# Compromising of vehicle possible,Electronic Control Unit (ECU) Telematics ECU Telematics (UNIXOS)
ATD-208,254.0,"221, 222, 223",,"ID2011_Checkoway_MSA5_Step1, ID2011_Checkoway_MSA5_Step2_1, ID2011_Checkoway_MSA5_Step3_2#",ID2011_Checkoway_MSA5,Firmware Extraction# Reverse Engineering Firmware# Exploitation of a buffer overflow vulnerability over 3G interface in order to bring the telematics ECU to download additional payload code.,Comprehensive Experimental Analysis of Automotive Attack Surfaces   Checkoway,2011.0,,Yes,,,Not Systemic,"CWE-664, CWE-710",CVSS:3.0/AV:A/AC:H/PR:N/UI:N/S:U/C:H/I:H/A:N,6.8,1.62014555999999,5.177088,A,,,,,AAD,,Software Attack,Real Attack,"Confidentiality, Integrity",Cellular 3G,"Obtainment of Telematic Firmware# Information Gain of aqLinkFunction, Gateway and Command# Buffer Overflow on Telematics",Electronic Control Unit (ECU) Telematics ECU Telematics (UNIXOS)
ATD-209,255.0,359,,ID2011_Francillon_SSA1#,ID2011_Francillon_SSA1,Relay attack on keyless entry system of a vehicle,Relay Attacks on Passive Keyless Entry andStart Systems in Modern Cars Francillon   NDSS 2011,2011.0,,,,Yes,Not Systemic,CWE-693,CVSS:3.0/AV:A/AC:L/PR:N/UI:N/S:U/C:N/I:H/A:N,6.5,2.83525473,3.5952,A,,,,,AAD,,Wireless Attack,Real Attack,Authentication,RFID,Access to the vehicle. Starting of the engine,Electronic Control Unit (ECU) Car Access ECU Passive Keyless Entry and Start (PKES) System.
ATD-210,256.0,360,,ID2011_Francillon_SSA2#,ID2011_Francillon_SSA2,Relay attack on keyless entry system of a vehicle,Relay Attacks on Passive Keyless Entry andStart Systems in Modern Cars Francillon   NDSS 2011,2011.0,,Yes,,Yes,Not Systemic,CWE-693,CVSS:3.0/AV:A/AC:L/PR:N/UI:N/S:U/C:N/I:H/A:N,6.5,2.83525473,3.5952,A,,,,,AAD,,Wireless Attack,Real Attack,Authentication,RFID,Access to the vehicle. Starting of the engine,Electronic Control Unit (ECU) Car Access ECU Passive Keyless Entry and Start (PKES) System.
ATD-211,257.0,502,,ID2012_Biggio_SSA1#,ID2012_Biggio_SSA1,Misleading Support Vector Maschines by data poisoning,Poisoning Attacks against Support Vector Machines Biggio,2012.0,Yes,Yes,Yes,Yes,Not Systemic,CWE-707,CVSS:3.0/AV:L/AC:H/PR:N/UI:N/S:C/C:N/I:H/A:N,5.9,1.4372259,3.992805377514,L,,,,,AAD,,Artificial Intelligence Attack,Real Attack,Integrity,Software,Attack has big impact on the SVMs,
ATD-212,258.0,718,CVE-2012-2619,ID2012_CoreSecurity_SSA1#,ID2012_CoreSecurity_SSA1,Denial of Service on the Wi-Fi communication of Ford Edge vehicles due to a vulnerability in Broadcom's BCM4325 and BCM4329 combo solutions firmware,Broadcom DoS on BCM4325 and BCM4329 devices CoreSecurity   https://www.coresecurity.com/content/broadcominputvalidationBCM4325BCM4329,2012.0,,,,Yes,Not Systemic,CWE-284,CVSS:3.0/AV:N/AC:L/PR:N/UI:N/S:U/C:N/I:N/A:H,7.5,3.887042775,3.5952,N,,,,,Common,,Wireless Attack,Real Attack,Availability,WLAN,WiFi NIC stops responding,
ATD-213,259.0,"329, 330",,"ID2012_Howard_MSA1_Step1, ID2012_Howard_MSA1_Step2_1#",ID2012_Howard_MSA1,Disabling alarm and opening doors# Extraction of secret keys via OBD after breaking into vehicles,http://www.extremetech.com/extreme/132526hackthediagnosticsconnectorstealyourselfabmwin3minutes  Howard,2012.0,,,,Yes,Not Systemic,"CWE-284, CWE-664",CVSS:3.0/AV:A/AC:H/PR:N/UI:N/S:U/C:H/I:L/A:N,5.9,1.62014555999999,4.216656,A,,,,,AAD,,"Wireless Attack, Software Attack",Real Attack,"Authentication, Confidentiality","RFID, OBD",Access to the car# Keys and other information could be read,
ATD-214,260.0,"713, 714, 715, 716, 717",,"ID2012_Kovacs_MSA1_Step1, ID2012_Kovacs_MSA1_Step2_1, ID2012_Kovacs_MSA1_Step3_2, ID2012_Kovacs_MSA1_Step4_3, ID2012_Kovacs_MSA1_Step5_4#",ID2012_Kovacs_MSA1,"By installing a GPS tracker in vehicles, thieves were able to track the vehicles and copy the keys in order to steal the cars",Thieves Steal Luxury Cars by Hacking intro Their Onboard Computers Kovacs   https://news.softpedia.com/news/ThievesStealLuxuryCarsbyHackingintoTheirOnboardComputers280088.shtml,2012.0,,,,Yes,Not Systemic,"CWE-693, CWE-664, CWE-284",CVSS:3.0/AV:P/AC:L/PR:N/UI:R/S:C/C:H/I:H/A:L,7.2,0.66711876,5.97129320882458,P,,,,,AAD,,"Wireless Attack, Software Attack, Hardware Attack",Real Attack,"Availability, Confidentiality, Integrity, Authentication","RFID, OBD, GPS",Car doors did not lock.# Key information available for cloning# Vehicle can be tracked# Vehicle location is tracked# Doors were unlocked. Vehicle was stolen.,Electronic Control Unit (ECU) Car Access ECU
ATD-215,261.0,350,,ID2012_Verdult_SSA1#,ID2012_Verdult_SSA1,Extraction of secret keys and plaintexts by cryptoanalysis of the Hitag2 cipher (engine start possible),Usenix Â– Gone in 360 Seconds Verdult,2012.0,,Yes,,Yes,Not Systemic,CWE-693,CVSS:3.0/AV:L/AC:H/PR:N/UI:N/S:U/C:H/I:N/A:N,5.1,1.4372259,3.5952,L,,,,,AAD,,Cryptographic Attack,Real Attack,Confidentiality,Software,Provides first attempt at authentication that can be recorded and used later. Plain text and even secret keys (if not read protected) can be read.,Component 1: Actuator Key Transponder   Component 2: Actuator Immobilizer
ATD-216,262.0,351,,ID2012_Verdult_SSA2#,ID2012_Verdult_SSA2,Cryptoanalysis to reduce encryption complexity,Usenix Â– Gone in 360 Seconds Verdult,2012.0,,,Yes,,Not Systemic,CWE-693,CVSS:3.0/AV:L/AC:H/PR:N/UI:N/S:U/C:H/I:N/A:N,5.1,1.4372259,3.5952,L,,,,,AAD,,Cryptographic Attack,Real Attack,Confidentiality,Software,Secret key independent of read protection.,Component 1: Actuator Key Transponder   Component 2: Actuator Immobilizer
ATD-217,263.0,352,,ID2012_Verdult_SSA3#,ID2012_Verdult_SSA3,Using dependency between different sessions and a low degree determination of the filter function of the cipher.,Usenix Â– Gone in 360 Seconds Verdult,2012.0,,Yes,,,Not Systemic,CWE-693,CVSS:3.0/AV:N/AC:H/PR:N/UI:N/S:U/C:H/I:N/A:N,5.9,2.2211673,3.5952,N,,,,,AAD,,Cryptographic Attack,Real Attack,Confidentiality,Software,Secret key can be obtained with only a few authentication attempts (here 136 attempts = 1 minute).  Engine start possible.,Component 1: Actuator Key Transponder   Component 2: Actuator Immobilizer
ATD-218,264.0,"473, 474",,"ID2013_Baltieri_MSA1_Step1, ID2013_Baltieri_MSA1_Step2_1#",ID2013_Baltieri_MSA1,Monitoring CAN messages# Sending malicious CAN messages,Hacking into a Vehicle CAN bus (Toyotahack and SocketCAN) Baltieri,2013.0,,Yes,,,Not Systemic,CWE-693,CVSS:3.0/AV:A/AC:L/PR:N/UI:N/S:U/C:H/I:H/A:N,8.1,2.83525473,5.177088,A,,,,,AAD,,Bus Attack,Real Attack,"Confidentiality, Authentication",OBD,"Internal bus information can  be read# Malicious messages can be sent to the bus, actuators can be controlled",
ATD-219,265.0,642,,ID2013_CBC_SSA1#,ID2013_CBC_SSA1,Using key spoofing device to unlock a vehicle and steal stuff from the inside,New $5 device easily unlocks car doors for thieves in Winnipeg CBC   https://www.cbc.ca/news/canada/manitoba/new5deviceeasilyunlockscardoorsforthievesinwinnipeg1.2288826?cmp=rss,2013.0,Yes,,Yes,Yes,Potentially Systemic,CWE-284,CVSS:3.0/AV:N/AC:L/PR:N/UI:N/S:U/C:N/I:H/A:N,7.5,3.887042775,3.5952,N,,,,,AAD,,Wireless Attack,Real Attack,Authentication,RFID,Car was unlocked,Electronic Control Unit (ECU) Car Access ECU
ATD-220,266.0,384,,ID2013_Kim_SSA1#,ID2013_Kim_SSA1,LF Relay attack on keyless entry system of several vehicles,Vehicle relay attack avoidance methods using RF signal strength Kim   Communications and Networks,2013.0,Yes,Yes,Yes,,Potentially Systemic,CWE-693,CVSS:3.0/AV:N/AC:L/PR:N/UI:N/S:U/C:N/I:H/A:N,7.5,3.887042775,3.5952,N,,,,,AAD,,Wireless Attack,Analysis,Authentication,RFID,Passive Entry possible on all vehicles except that one vehicle that did not support this feature. Passive Start possible on all vehicles,"Electronic Control Unit (ECU) Car Access ECU Smart Key System: Passive Entry passive start (PEPS) system, Remote keyless entry (RKE), One car had no passive entry feature"
ATD-221,267.0,385,,ID2013_Kim_SSA2#,ID2013_Kim_SSA2,RF Relay attack on keyless entry system of several vehicles,Vehicle relay attack avoidance methods using RF signal strength Kim   Communications and Networks,2013.0,Yes,,Yes,Yes,Potentially Systemic,CWE-693,CVSS:3.0/AV:N/AC:L/PR:N/UI:N/S:U/C:N/I:H/A:N,7.5,3.887042775,3.5952,N,,,,,AAD,,Wireless Attack,Analysis,Authentication,RFID,Passive Entry possible on all vehicles except that one vehicle that did not support this feature. Passive Start possible on all vehicles,"Electronic Control Unit (ECU) Car Access ECU Smart Key System: Passive Entry passive start (PEPS) system, Remote keyless entry (RKE), One car had no passive entry feature"
ATD-222,268.0,"238, 239, 240",,"ID2013_Miller_MSA1_Step1, ID2013_Miller_MSA1_Step2_1, ID2013_Miller_MSA1_Step3_2#",ID2013_Miller_MSA1,Monitoring CAN messages# Reverse Engineering Lane Keeping System CAN messages# Steering intervention by replay of valid CAN messages of the Lane Keeping Assistant,Adventures in Automotive Networks and Control Units   Miller,2013.0,Yes,,Yes,Yes,Potentially Systemic,CWE-693,CVSS:3.0/AV:A/AC:L/PR:N/UI:N/S:U/C:H/I:H/A:N,8.1,2.83525473,5.177088,A,,,,,AAD,,Bus Attack,Real Attack,"Confidentiality, Authentication",OBD,Obtainment of CAN messages# Information Gain of Lane Keeping Functionality# Steering intervention by 5Â°,Electronic Control Unit (ECU) Lane Keep Assist ECU Lane Keep Assist (LKA)
ATD-223,269.0,"228, 229",,"ID2013_Miller_MSA10_Step1, ID2013_Miller_MSA10_Step2_1#",ID2013_Miller_MSA10,Monitoring CAN messages# Replay of a valid CAN message to manipulate the vehicle speed and the engines rotational speed displayed in the instrument cluster and changing the displayed vehicle position displayed in the navigation system,Adventures in Automotive Networks and Control Units   Miller,2013.0,Yes,,Yes,,Potentially Systemic,"CWE-693, CWE-284",CVSS:3.0/AV:A/AC:L/PR:N/UI:N/S:U/C:H/I:H/A:N,8.1,2.83525473,5.177088,A,,,,,AAD,,Bus Attack,Real Attack,"Confidentiality, Authentication",OBD,Obtainment of CAN messages# Any vehicle speed and rotational speed can be displayed on the instrument cluster. Manipulation of the mileage. Position changing on the navigation system,Component 1: Electronic Control Unit (ECU) Instrument Cluster   Component 2: Electronic Control Unit (ECU) Navigation ECU
ATD-224,270.0,"235, 236, 237",,"ID2013_Miller_MSA11_Step1, ID2013_Miller_MSA11_Step2_1, ID2013_Miller_MSA11_Step3_2#",ID2013_Miller_MSA11,Monitoring CAN messages# Reverse Engineering Parking System CAN messages# Steering intervention by spoofing a valid CAN message of the Intelligent Parking System.,Adventures in Automotive Networks and Control Units   Miller,2013.0,Yes,,Yes,Yes,Potentially Systemic,CWE-693,CVSS:3.0/AV:A/AC:L/PR:N/UI:N/S:U/C:H/I:H/A:N,8.1,2.83525473,5.177088,A,,,,,AAD,,Bus Attack,Real Attack,"Confidentiality, Authentication",OBD,Obtainment of CAN messages# Information Gain of Parking System Functionality# Steering intervention during driving,Electronic Control Unit (ECU) Park Assistance ECU Intelligence Park Assist System (IPAS)
ATD-225,271.0,"241, 242, 243",,"ID2013_Miller_MSA2_Step1, ID2013_Miller_MSA2_Step2_1, ID2013_Miller_MSA2_Step3_2#",ID2013_Miller_MSA2,Extraction of the security access keys from the Parking Assistance Module or the Ford Integrated Diagnostic Software tool by Reverse Engineering of the firmware.# Prevent vehicle from moving by applying the brakes through a diagnostic CAN message.# Bleeding the brakes by spoofing a diagnotic CAN message when vehicle is slower than 5 mph,Adventures in Automotive Networks and Control Units   Miller,2013.0,Yes,Yes,Yes,Yes,Potentially Systemic,"CWE-693, CWE-284",CVSS:3.0/AV:A/AC:L/PR:N/UI:N/S:U/C:H/I:H/A:N,8.1,2.83525473,5.177088,A,,,,,AAD,,Diagnostic Attack,Real Attack,"Confidentiality, Availability",OBD,"407 Keys found in the PAM, identification of diagnostic messages# Brake activation so the car can't move# Brake bleeding so the vehicle can't be stopped",Electronic Control Unit (ECU) Park Assistance ECU Park Assistance Module (PAM)# # Actuator Brakes
ATD-226,272.0,"244, 245",,"ID2013_Miller_MSA3_Step1, ID2013_Miller_MSA3_Step2_1#",ID2013_Miller_MSA3,Monitoring CAN messages# Deactivating the lighting of the vehicle by spoofing a diagnostic message after overcoming the security access,Adventures in Automotive Networks and Control Units   Miller,2013.0,,,,Yes,Not Systemic,"CWE-693, CWE-284",CVSS:3.0/AV:A/AC:L/PR:L/UI:N/S:U/C:N/I:H/A:N,5.7,2.068068156,3.5952,A,,,,,AAD,,Diagnostic Attack,Real Attack,"Confidentiality, Availability",OBD,Obtainment of CAN messages# Failure of the vehicle lightning,Electronic Control Unit (ECU) Junction Box  Smart Junction Box (SJB)
ATD-227,273.0,"246, 247",,"ID2013_Miller_MSA4_Step1, ID2013_Miller_MSA4_Step2_1#",ID2013_Miller_MSA4,Monitoring CAN messages# Engine shutdown by spoofing a modified diagnostic message.,Adventures in Automotive Networks and Control Units   Miller,2013.0,,Yes,,Yes,Not Systemic,"CWE-693, CWE-284",CVSS:3.0/AV:A/AC:L/PR:N/UI:N/S:U/C:H/I:H/A:N,8.1,2.83525473,5.177088,A,,,,,AAD,,Diagnostic Attack,Real Attack,"Confidentiality, Availability",OBD,Obtainment of CAN messages# Engine shutdown by any speed,Electronic Control Unit (ECU) Engine ECU
ATD-228,274.0,"249, 250, 251, 252, 253, 254",,"ID2013_Miller_MSA5_Step1, ID2013_Miller_MSA5_Step2_1, ID2013_Miller_MSA5_Step3_2, ID2013_Miller_MSA5_Step4_3, ID2013_Miller_MSA5_Step5_4, ID2013_Miller_MSA5_Step6_5#",ID2013_Miller_MSA5,Breaking the security access by reverse engineering of the Toyota Calibration Update Wizard firmware.# Activating/Deactivating the outer lighting by spoofing a diagnostic message# Activating/Deactivating the horn by spoofing a diagnostic message# Activation of the belt tensioner by spoofing a valid diagnostic message while driving# Locking and unlocking the door locks by spoofing a diagnostic CAN message# Manupulation of fuel level displayed in the instrument cluster by spoofing a diagnostic CAN message,Adventures in Automotive Networks and Control Units   Miller,2013.0,,Yes,,Yes,Not Systemic,"CWE-710, CWE-693",CVSS:3.0/AV:L/AC:H/PR:N/UI:N/S:U/C:H/I:H/A:N,6.7,1.4372259,5.177088,L,,,,,AAD,,Diagnostic Attack,Real Attack,"Confidentiality, Authentication","Component Toyota Calibration Update Wizard, OBD",Information Gain on various Functionalities of the vehicle# Failure of the vehicle lightning# Failure and activation of the horn# Belt tensioner can be activated by any time# Doors can be locked and unlocked. Possible vehicle access by the attacker if attack is carried out by remote# Wrong fuel indication displayed in the instrument cluster,# Actuator External Vehicle Lights# Actuator Horn# Electronic Control Unit (ECU) PreCollision ECU PreCollisionSystem (PCS)# Actuator Door Locks# Electronic Control Unit (ECU) Instrument Cluster
ATD-229,275.0,"255, 256, 257, 789",,"ID2013_Miller_MSA6_Step1, ID2013_Miller_MSA6_Step2_1, ID2013_Miller_MSA6_Step4_3#, ID2013_Miller_MSA6_Step3_2",ID2013_Miller_MSA6,Extraction of the Parking Assistance Module firmware over an integrated Background Debug Mode interface.# Reverse Engineering Firmware# Updating modified firmware on the Park Assistance Module in order to execute any code on the ECU to send CAN messages# Firmware Modification of the Park Assistance Module,Adventures in Automotive Networks and Control Units   Miller,2013.0,Yes,Yes,Yes,,Not Systemic,"CWE-284, CWE-710, CWE-693",CVSS:3.0/AV:P/AC:L/PR:N/UI:N/S:U/C:H/I:H/A:N,6.1,0.9145983,5.177088,P,,,,,AAD,,"Hardware Attack, Software Attack",Real Attack,"Confidentiality, Integrity",ECU,Obtainment of Firmware# Information Gain of Firmware Functionality# Injected code on ECU allows sending of any CAN message on the network# Modification allows sending of any CAN message on the network,Electronic Control Unit (ECU) Park Assistance ECU Park Assist Module (PAM)
ATD-230,276.0,"258, 259, 260, 261, 262",,"ID2013_Miller_MSA7_Step1, ID2013_Miller_MSA7_Step2_1, ID2013_Miller_MSA7_Step3_2, ID2013_Miller_MSA7_Step4_3, ID2013_Miller_MSA7_Step5_4#",ID2013_Miller_MSA7,Downloading and Reverse Engineering Firmware# Monitoring Firmware Update# Reverse Engineering Update Algorithm# Modification of Calibration Update# Unauthorized flashing of malicious code on the engine ECU by using the diagnostic reprogramming routine,Adventures in Automotive Networks and Control Units   Miller,2013.0,Yes,,Yes,,Not Systemic,"CWE-710, CWE-693, CWE-284",CVSS:3.0/AV:P/AC:H/PR:N/UI:N/S:U/C:H/I:H/A:N,5.7,0.5226276,5.177088,P,,,,,AAD,,"Software Attack, Diagnostic Attack",Real Attack,"Confidentiality, Integrity","Software, OBD",Information Gain on various Functionalities of the vehicle# Information Gain of update process for calibration updates# Information Gain of Update Algorithm for calibration updates# Malicious Calibration Update that can be flashed on ECU# Flashing of malicious code on ECU,"Electronic Control Unit (ECU) Engine ECU Engine Control Module (2 CPUs, NEC v850, Renesas M16/C)"
ATD-231,277.0,"224, 225",,"ID2013_Miller_MSA8_Step1, ID2013_Miller_MSA8_Step2_1#",ID2013_Miller_MSA8,Monitoring CAN messages# Replay of a valid CAN message to activate the open door control light in the instrument cluster,Adventures in Automotive Networks and Control Units   Miller,2013.0,Yes,,Yes,,Not Systemic,"CWE-693, CWE-284",CVSS:3.0/AV:L/AC:H/PR:N/UI:N/S:U/C:N/I:H/A:N,5.1,1.4372259,3.5952,L,,,,,AAD,,Bus Attack,Real Attack,"Confidentiality, Authentication",OBD,Obtainment of CAN messages# Display shows open driver door,Electronic Control Unit (ECU) Instrument Cluster
ATD-232,278.0,"226, 227",,"ID2013_Miller_MSA9_Step1, ID2013_Miller_MSA9_Step2_1#",ID2013_Miller_MSA9,Monitoring CAN messages# Replay of a valid CAN message to manipulate the vehicle speed displayed in the instrument cluster,Adventures in Automotive Networks and Control Units   Miller,2013.0,,,,Yes,Not Systemic,"CWE-693, CWE-284",CVSS:3.0/AV:A/AC:L/PR:N/UI:N/S:U/C:H/I:H/A:N,8.1,2.83525473,5.177088,A,,,,,AAD,,Bus Attack,Real Attack,"Confidentiality, Authentication",OBD,Obtainment of CAN messages# Any speed can be displayed on the instrument cluster,Electronic Control Unit (ECU) Instrument Cluster
ATD-233,279.0,230,,ID2013_Miller_SSA1#,ID2013_Miller_SSA1,"DoS-Angriff auf das CAN-Netzwerk mit CAN-ID 0, welche laut Standard nicht erlaubt ist, fÃ¼hrt zum Ausfall der LenkunterstÃ¼tzung und eines eingeschrÃ¤nkten maximalen Lenkwinkels (Ford).",Adventures in Automotive Networks and Control Units   Miller,2013.0,,,,Yes,Not Systemic,CWE-664,CVSS:3.0/AV:A/AC:L/PR:N/UI:N/S:C/C:N/I:N/A:H,7.4,2.83525473,3.992805377514,A,,,,,AAD,,Bus Attack,Real Attack,Availability,OBD,Failure of the steering support through shutdown of the PSCM ECU. After that only a steering of 45% was possible,Electronic Control Unit (ECU) Power Steering ECU Power Steering Control Module (PSCM)
ATD-234,280.0,231,,ID2013_Miller_SSA2#,ID2013_Miller_SSA2,Denial of service attack to prevent the start of the vehicle engine by continous sending of CAN messages with ID 0 (violation of CAN standard),Adventures in Automotive Networks and Control Units   Miller,2013.0,Yes,,Yes,,Potentially Systemic,CWE-664,CVSS:3.0/AV:A/AC:L/PR:N/UI:N/S:C/C:N/I:N/A:H,7.4,2.83525473,3.992805377514,A,,,,,AAD,,Bus Attack,Real Attack,Availability,OBD,Engine doesn't start,Electronic Control Unit (ECU) Engine ECU
ATD-235,281.0,232,,ID2013_Miller_SSA3#,ID2013_Miller_SSA3,Steering intervention by spoofing of a valid CAN message of the parking assistance system,Adventures in Automotive Networks and Control Units   Miller,2013.0,,Yes,,,Not Systemic,CWE-693,CVSS:3.0/AV:A/AC:L/PR:N/UI:N/S:U/C:N/I:H/A:N,6.5,2.83525473,3.5952,A,,,,,AAD,,Bus Attack,Real Attack,Authentication,OBD,Collision with already parking vehicle during automatic parking,Component 1: Electronic Control Unit (ECU) Power Steering ECU Power Steering Control Module (PSCM)  Component 2: Electronic Control Unit (ECU) Park Assistance ECU Park Assistance Module (PAM)
ATD-236,282.0,233,,ID2013_Miller_SSA4#,ID2013_Miller_SSA4,Deceleration of the vehicle until standstill by spoofing of a valid pre-collision CAN message,Adventures in Automotive Networks and Control Units   Miller,2013.0,,Yes,,Yes,Not Systemic,CWE-693,CVSS:3.0/AV:A/AC:L/PR:N/UI:N/S:U/C:N/I:H/A:N,6.5,2.83525473,3.5952,A,,,,,AAD,,Bus Attack,Real Attack,Authentication,OBD,Deceleration of the vehicle until the vehicle stops,Electronic Control Unit (ECU) PreCollision ECU PreCollision System (PCS)
ATD-237,283.0,234,,ID2013_Miller_SSA5#,ID2013_Miller_SSA5,Acceleration of the vehicle by spoofing the CAN message of the gas pedal.,Adventures in Automotive Networks and Control Units   Miller,2013.0,Yes,,Yes,,Potentially Systemic,CWE-693,CVSS:3.0/AV:A/AC:L/PR:N/UI:N/S:U/C:N/I:H/A:N,6.5,2.83525473,3.5952,A,,,,,AAD,,Bus Attack,Real Attack,Authentication,ECU,Acceleration of the vehicle for a few seconds,"Component 1: Electronic Control Unit (ECU) Power Management ECU Power Management Control (PMC)   Component 2: Electronic Control Unit (ECU) Engine ECU Engine Control Module (2 CPUs, NEC v850, Renesas M16/C)"
ATD-238,284.0,248,,ID2013_Miller_SSA6#,ID2013_Miller_SSA6,Deactivation of the outer vehicle lighting and stoboscope effect of the inner lighting by setting the Smart Junction Box into programming mode,Adventures in Automotive Networks and Control Units   Miller,2013.0,,,,Yes,Not Systemic,CWE-693,CVSS:3.0/AV:A/AC:L/PR:L/UI:N/S:C/C:N/I:H/A:N,6.8,2.268203784,3.992805377514,A,,,,,AAD,,Diagnostic Attack,Real Attack,Integrity,OBD,Failure of the vehicle lightning on the outside. Blinking of the inner vehicle lightning,Electronic Control Unit (ECU) Junction Box Smart Junction Box (SJB)
ATD-239,285.0,"719, 720",,"ID2013_Pauli_MSA1_Step1, ID2013_Pauli_MSA1_Step2_1#",ID2013_Pauli_MSA1,Saftey-critical systems can be controlled via the diagnostic ports CAN connection,"Car hackers mess with speedos, odometers, alarms and locks Pauli   https://www.itnews.com.au/news/carhackersmesswithspeedosodometersandunlockdoors362297",2013.0,,,,Yes,Not Systemic,"CWE-693, CWE-707",CVSS:3.0/AV:A/AC:L/PR:N/UI:N/S:U/C:L/I:H/A:N,7.1,2.83525473,4.216656,A,,,,,AAD,,Bus Attack,Real Attack,"Confidentiality, Integrity",CANBus,"CAN packets, which can influence vehicle functions, were identified# Car speed was decreased, car made noises, lights were blinking, odometer was changed",
ATD-240,286.0,488,,ID2013_SchrÃ¶der_SSA1#,ID2013_SchrÃ¶der_SSA1,Position Forging in order to pretend false single vehicle position,Analysis of Attack Methods on CartoX Communication Using Practical Tests SchrÃ¶der,2013.0,Yes,,Yes,,Potentially Systemic,CWE-284,CVSS:3.0/AV:N/AC:H/PR:N/UI:N/S:U/C:N/I:H/A:H,7.4,2.2211673,5.177088,N,,,,,AAD,,Wireless Attack,Simulation,Authentication,WLAN,Jamming of signals. DoS of V2X Communication DoS of ECUs and bus systems Infection of the system with malware Manipulation of Routing Tables Manipulation of forwarded data sensor manipulation Malware Integration Access to cryptographic secret keys and certificates Manipulation of communication logging Manipulation of backend databases Eavesdropping private data Eavesdropping of confidential SW Collecting private data Dissolution of pseudonyms Rejection of message transmissions and reception,
ATD-241,287.0,489,,ID2013_SchrÃ¶der_SSA2#,ID2013_SchrÃ¶der_SSA2,Position Forging in order to pretend false multiple vehicle positions,Analysis of Attack Methods on CartoX Communication Using Practical Tests SchrÃ¶der,2013.0,,,Yes,Yes,Not Systemic,CWE-284,CVSS:3.0/AV:N/AC:H/PR:N/UI:N/S:U/C:N/I:H/A:N,5.9,2.2211673,3.5952,N,,,,,AAD,,Wireless Attack,Simulation,Authentication,WLAN,Jamming of signals. DoS of V2X Communication DoS of ECUs and bus systems Infection of the system with malware Manipulation of Routing Tables Manipulation of forwarded data sensor manipulation Malware Integration Access to cryptographic secret keys and certificates Manipulation of communication logging Manipulation of backend databases Eavesdropping private data Eavesdropping of confidential SW Collecting private data Dissolution of pseudonyms Rejection of message transmissions and reception,
ATD-242,288.0,490,,ID2013_SchrÃ¶der_SSA3#,ID2013_SchrÃ¶der_SSA3,Position Forging in order to pretend false single vehicle movement paths,Analysis of Attack Methods on CartoX Communication Using Practical Tests SchrÃ¶der,2013.0,Yes,,Yes,Yes,Potentially Systemic,CWE-284,CVSS:3.0/AV:N/AC:H/PR:N/UI:N/S:U/C:N/I:H/A:N,5.9,2.2211673,3.5952,N,,,,,AAD,,Wireless Attack,Simulation,Authentication,WLAN,Jamming of signals. DoS of V2X Communication DoS of ECUs and bus systems Infection of the system with malware Manipulation of Routing Tables Manipulation of forwarded data sensor manipulation Malware Integration Access to cryptographic secret keys and certificates Manipulation of communication logging Manipulation of backend databases Eavesdropping private data Eavesdropping of confidential SW Collecting private data Dissolution of pseudonyms Rejection of message transmissions and reception,
ATD-243,289.0,491,,ID2013_SchrÃ¶der_SSA4#,ID2013_SchrÃ¶der_SSA4,Position Forging in order to pretend false multiple vehicle movement paths,Analysis of Attack Methods on CartoX Communication Using Practical Tests SchrÃ¶der,2013.0,,Yes,,,Not Systemic,CWE-284,CVSS:3.0/AV:N/AC:H/PR:N/UI:N/S:U/C:N/I:H/A:N,5.9,2.2211673,3.5952,N,,,,,AAD,,Wireless Attack,Simulation,Authentication,WLAN,Jamming of signals. DoS of V2X Communication DoS of ECUs and bus systems Infection of the system with malware Manipulation of Routing Tables Manipulation of forwarded data sensor manipulation Malware Integration Access to cryptographic secret keys and certificates Manipulation of communication logging Manipulation of backend databases Eavesdropping private data Eavesdropping of confidential SW Collecting private data Dissolution of pseudonyms Rejection of message transmissions and reception,
ATD-244,290.0,"353, 354, 355, 356, 357, 358",,"ID2013_Verdult_MSA1_Step1, ID2013_Verdult_MSA1_Step2_1, ID2013_Verdult_MSA1_Step3_2, ID2013_Verdult_MSA1_Step4_3#, ID2013_Verdult_MSA1_Step5_3#, ID2013_Verdult_MSA1_Step6_3#",ID2013_Verdult_MSA1,Monitoring RFID communication# Reverse Engineering Cipher# Cryptoanalysis of Cipher# Exploiting Megamos Crypto Cipher weakness# Exploiting immobilzer's Key Update weakness# Exploitation of weak secret keys by cryptoanalysis of the Megamos cipher,Dismantling Megamos Crypto Verdult,2013.0,,Yes,,Yes,Not Systemic,CWE-693,CVSS:3.0/AV:L/AC:H/PR:N/UI:N/S:U/C:H/I:L/A:N,5.7,1.4372259,4.216656,L,,,,,AAD,,"Wireless Attack, Cryptographic Attack",Real Attack,Confidentiality,"RFID, Software",Information Gain of Communication between Transponder and Immobilizer# Information Gain of the Cipher# Cipher Vulnerabilities identified# Secret key obtained after 3x216 attempts to authenticate (30 minutes)  DoS possible,"Actuator Key Transponder Megamos Crypto Transponder, 96bit Secret Key, 32bit PIN for writing on storage"
ATD-245,291.0,"725, 728",,"ID2014_Aaronson_MSA1_Step1, ID2014_Aaronson_MSA1_Step2_1#",ID2014_Aaronson_MSA1,Installing cellular device to the telematics ECU leads to remote access to the attached CAN network. Safety-critical systems can be controlled.,We Drove a Car While It Was Being Hacked Aaronson   https://www.vice.com/en/article/ae33jk/wedroveacarwhileitwasbeinghacked,2014.0,Yes,,Yes,,Not Systemic,CWE-284,CVSS:3.0/AV:P/AC:L/PR:N/UI:N/S:C/C:N/I:H/A:N,5.3,0.9145983,3.992805377514,P,,,,,AAD,,"Hardware Attack, Wireless Attack",Real Attack,"Integrity, Authentication",Cellular GSM,Remote connection to control the car can be established# Engine and brakes could be disabled,Electronic Control Unit (ECU) Telematics ECU
ATD-246,292.0,"726, 727",,"ID2014_Aaronson_MSA2_Step1, ID2014_Aaronson_MSA2_Step2_1#",ID2014_Aaronson_MSA2,Installing cellular device to the telematics ECU leads to remote access to the attached CAN network. Safety-critical systems can be controlled.,We Drove a Car While It Was Being Hacked Aaronson   https://www.vice.com/en/article/ae33jk/wedroveacarwhileitwasbeinghacked,2014.0,,Yes,,,Not Systemic,CWE-284,CVSS:3.0/AV:P/AC:L/PR:N/UI:N/S:C/C:N/I:H/A:N,5.3,0.9145983,3.992805377514,P,,,,,AAD,,"Hardware Attack, Wireless Attack",Real Attack,"Integrity, Authentication",Cellular GSM and Bluetooth,"Remote connection to the CAN bus possible# Changing radio songs, activating hand brake, disabling headlights",
ATD-247,293.0,"729, 730, 731",,"ID2014_Brewster_MSA1_Step1, ID2014_Brewster_MSA1_Step2_1#, ID2014_Brewster_MSA1_Step3_1#",ID2014_Brewster_MSA1,Security investigation of OBD Dongle uncovered missing encryption of http connection with backend server.,Zubie: This Car Safety Tool 'Could Have Given Hackers Control Of Your Vehicle' Brewster   https://www.forbes.com/sites/thomasbrewster/2014/11/07/carsafetytoolcouldhavegivenhackerscontrolofyourvehicle/#4986296f1481,2014.0,Yes,Yes,Yes,,Potentially Systemic,"CWE-284, CWE-664",CVSS:3.0/AV:N/AC:L/PR:L/UI:R/S:U/C:L/I:H/A:N,6.3,2.068068156,4.216656,N,,,,,AAD,,"Software Attack, Wireless Attack",Real Attack,"Integrity, Authentication, Confidentiality",Cellular GPRS,"Malware was installed on the remote OBD device# Doors were unlocked, manipulation of displayed information on the dash board# Vehicle location and driving behavior was tracked","Electronic Control Unit (ECU) Remote Gateway Remote OBD Dongle (Zubie) with GPRS modem,  compatible with Android and iOS apps# Component 1: Electronic Control Unit (ECU) Remote Gateway Remote OBD Dongle (Zubie) with GPRS modem,  compatible with Android and iOS apps  Component 2: Electronic Control Unit (ECU) Instrument Cluster   Component 3: Electronic Control Unit (ECU) Car Access ECU"
ATD-248,294.0,"485, 486, 487","CVE-2013-5637, CVE-2013-5638","ID2014_Costin_MSA1_Step1, ID2014_Costin_MSA1_Step2_1, ID2014_Costin_MSA1_Step3_2#",ID2014_Costin_MSA1,Large scale analysis of embedded firmwares by crawling firmware files from the internet# Breaking Password Hashes# Fuzzing Firmware files in order to identify vulnerabilities,A LargeScale Analysis of the Security Embedded Firmware Costin,2014.0,,,Yes,,Not Systemic,"CWE-664, CWE-284, CWE-707",CVSS:3.0/AV:L/AC:H/PR:N/UI:N/S:U/C:H/I:H/A:N,6.7,1.4372259,5.177088,L,,,,,AAD,"CVE-2013-5638, CVE-2013-5637","Software Attack, Cryptographic Attack",Real Attack,"Confidentiality, Integrity","Software Internet, Software","Downloaded Files: 759,273 (1.8 TB) 172,751 files left after filtering  Of which 32,356 files selected for analysis  ARM: 63%. MIPS: 7%  Linux: 86% Proprietary operating systems: 7%.  112 Linux kernel versions# Several hardcoded password hashes that could be used to deduce the original passwords.# 38 new vulnerabilities Private RSA keys and selfsigned certificates used in approximately 35,000 online devices. Several hardcoded password hashes that could be used to deduce the original passwords. Multiple Backdoors (Authorized Key Files, hardcoded telnet credentials, hardcoded admin logins, backdoor daemons)",
ATD-249,295.0,"721, 722",,"ID2014_Dhanjani_MSA1_Step1, ID2014_Dhanjani_MSA1_Step2_1#",ID2014_Dhanjani_MSA1,"Brute force attack on Tesla mobile app enables attackers to track vehicles, extract information from the app and even unlock the doors",Cursory Evaluation of the Tesla Model S: We Can't Protect Our Cars Like We Protect Our Workstations Dhanjani   https://www.dhanjani.com/blog/2014/03/curosryevaluationoftheteslamodelswecantprotectourcarslikeweprotectourworkstations.html,2014.0,,Yes,,Yes,Not Systemic,"CWE-664, CWE-693",CVSS:3.0/AV:L/AC:L/PR:L/UI:R/S:U/C:H/I:H/A:N,6.6,1.338161748,5.177088,L,,,,,AAD,,Software Attack,Real Attack,Authorization,"Software, Bluetooth","Since user password only requires six characters, several attacks, such as brute force, are possible# Car can be unlocked, location and charge status can be monitored",
ATD-250,296.0,"723, 724",,"ID2014_Dhanjani_MSA2_Step1, ID2014_Dhanjani_MSA2_Step2_1#",ID2014_Dhanjani_MSA2,"Brute force attack on Tesla mobile app enables attackers to track vehicles, extract information from the app and even unlock the doors",Cursory Evaluation of the Tesla Model S: We Can't Protect Our Cars Like We Protect Our Workstations Dhanjani   https://www.dhanjani.com/blog/2014/03/curosryevaluationoftheteslamodelswecantprotectourcarslikeweprotectourworkstations.html,2014.0,,Yes,,,Not Systemic,"CWE-664, CWE-693",CVSS:3.0/AV:L/AC:L/PR:L/UI:N/S:U/C:H/I:H/A:N,7.1,1.83457659,5.177088,L,,,,,AAD,,Software Attack,Real Attack,"Confidentiality, Authentication","Software, Bluetooth",User credentials can be acquired# Remote vehicle functions can be triggered by attacker,
ATD-251,297.0,"643, 644",,"ID2014_Greenberg_MSA1_Step1, ID2014_Greenberg_MSA1_Step2_1#",ID2014_Greenberg_MSA1,Key fob spoofing attack unlocks car in a few minutes,Watch This Wireless Hack Pop a Car's Locks in Minutes Greenberg   https://www.wired.com/2014/08/wirelesscarhack/,2014.0,,Yes,,,Not Systemic,CWE-284,CVSS:3.0/AV:N/AC:L/PR:N/UI:N/S:U/C:H/I:H/A:N,9.1,3.887042775,5.177088,N,,,,,AAD,,"Cryptographic Attack, Wireless Attack",Real Attack,"Confidentiality, Authentication",RFID,Rolling Code scheme was broken# Car doors can be locked and unlocked. The trunk can be unlocked,Electronic Control Unit (ECU) Car Access ECU
ATD-252,298.0,"322, 323, 530",,"ID2014_Hoppe_MSA1_Step1, ID2014_Hoppe_MSA1_Step2_1, ID2014_Hoppe_MSA1_Step3_2#",ID2014_Hoppe_MSA1,Firmware Extraction# Firmware Modification# Flashing of modified firmware by reverse engineering and modification (including the CRC checksum) of the ECUs firmware,"PrÃ¤vention, Detektion und Reaktion gegen drei AusprÃ¤gungsformen automotiver Malware Hoppe",2014.0,,Yes,,,Not Systemic,"CWE-664, CWE-284, CWE-693",CVSS:3.0/AV:N/AC:H/PR:N/UI:N/S:U/C:H/I:H/A:N,7.4,2.2211673,5.177088,N,,,,,AAD,,Software Attack,Real Attack,"Confidentiality, Integrity",Software,"Information Gain of Firmware Functionality# Firmware of the navigation device could be changed. Because of the connection of the navigation device to the infotainment CAN, manipulations via the CAN are possible.","Electronic Control Unit (ECU) Navigation ECU DVDNavigationSystem: ARMbased MCU, OS: Wind River VxWorks"
ATD-253,299.0,386,,ID2014_Miller_SSA1#,ID2014_Miller_SSA1,Prevent engine start by spoofing commands via wireless connection,A survey of remote automotive attack surfaces Miller,2014.0,,Yes,,,Not Systemic,CWE-284,CVSS:3.0/AV:N/AC:L/PR:N/UI:N/S:U/C:N/I:H/A:N,7.5,3.887042775,3.5952,N,,,,,AAD,,Wireless Attack,Analysis,Availability,RFID,Engine can't be started,Electronic Control Unit (ECU) Theft Warning ECU Passive AntiTheft System (PATS)
ATD-254,300.0,387,,ID2014_Miller_SSA2#,ID2014_Miller_SSA2,Deactivation of Smart Junction Box by spoofing commands via wireless connection,A survey of remote automotive attack surfaces Miller,2014.0,,Yes,,,Not Systemic,CWE-284,CVSS:3.0/AV:N/AC:L/PR:N/UI:N/S:U/C:N/I:H/A:N,7.5,3.887042775,3.5952,N,,,,,AAD,,Wireless Attack,Analysis,Availability,RFID,Shutdown of the ECU. Error messages,"Electronic Control Unit (ECU) Junction Box Smart Junction Box (SJB): MAX1471A 315MHz/434MHz LowPower, 3V/5V ASK/FSK Superheterodyne Receiver"
ATD-255,301.0,388,,ID2014_Miller_SSA3#,ID2014_Miller_SSA3,"Prevent locking and unlocking of the vehicle, starting egnine by spoofing commands via wireless connection",A survey of remote automotive attack surfaces Miller,2014.0,,,,Yes,Not Systemic,CWE-284,CVSS:3.0/AV:P/AC:L/PR:N/UI:N/S:U/C:N/I:H/A:N,4.6,0.9145983,3.5952,P,,,,,AAD,,Wireless Attack,Analysis,Availability,RFID,Prevention of locking and unlocking. Starting of the engine (even without a valid key)  Remote Code Execution,Electronic Control Unit (ECU) Car Access ECU Remote Keyless Entry / Start (RKE)
ATD-256,302.0,389,,ID2014_Miller_SSA4#,ID2014_Miller_SSA4,Spoofing CAN messages to internal networks by spoofing commands via Bluetooth connection,A survey of remote automotive attack surfaces Miller,2014.0,,Yes,,,Not Systemic,CWE-284,CVSS:3.0/AV:A/AC:H/PR:N/UI:N/S:U/C:N/I:H/A:N,5.3,1.62014555999999,3.5952,A,,,,,AAD,,Wireless Attack,Analysis,Authentication,Bluetooth,Wireless access of vehicle possible > ECUs which are connected to bussystem can be used for sending CAN messages,Electronic Control Unit (ECU) Remote Gateway Ford SYNC computer (Accessory Protocol Interface Module (APIM))
ATD-257,303.0,390,,ID2014_Miller_SSA5#,ID2014_Miller_SSA5,Spoofing CAN messages to internal networks by spoofing commands via RDS connection,A survey of remote automotive attack surfaces Miller,2014.0,,,,Yes,Not Systemic,CWE-284,CVSS:3.0/AV:N/AC:L/PR:N/UI:N/S:U/C:N/I:H/A:N,7.5,3.887042775,3.5952,N,,,,,AAD,,Wireless Attack,Analysis,Authentication,RDS,Wireless access of vehicle possible > ECUs which are connected to bussystem can be used for sending CAN messages,"Electronic Control Unit (ECU) Infotainment ECU Audio Control Module (ACM), Radio Data System"
ATD-258,304.0,391,,ID2014_Miller_SSA6#,ID2014_Miller_SSA6,Voice recording and remote code execution by injecting commands via WLAN connection,A survey of remote automotive attack surfaces Miller,2014.0,,Yes,,Yes,Not Systemic,CWE-284,CVSS:3.0/AV:N/AC:L/PR:N/UI:N/S:U/C:N/I:H/A:N,7.5,3.887042775,3.5952,N,,,,,AAD,,Wireless Attack,Analysis,Integrity,WLAN,Voices can be recorded via microphone.  Remote Exploit without user interaction,"Electronic Control Unit (ECU) Telematics ECU Safety Connect System, Qualcomm Chip"
ATD-259,305.0,395,,ID2014_Miller_SSA7#,ID2014_Miller_SSA7,Control over many vehicle functions by building a testbench and spoofing of CAN messages,Car Hacking: For Poories Miller,2014.0,,Yes,,,Not Systemic,CWE-693,CVSS:3.0/AV:N/AC:L/PR:N/UI:N/S:U/C:N/I:H/A:N,7.5,3.887042775,3.5952,N,,,,,AAD,,Bus Attack,Real Attack,Authentication,CANBus,"ECU on test bench:  Control of steering, speedometer, navigation, mileage and other functions. Investigation of remote interfaces to ECUs.",Component 1: Electronic Control Unit (ECU) Power Steering ECU Power Steering Control Module (PSCM)  Component 2: Electronic Control Unit (ECU) Infotainment ECU Audio Control Module (ACM)  Component 3: Electronic Control Unit (ECU) Remote Gateway Ford SYNC computer (Accessory Protocol Interface Module (APIM))  Component 4: Electronic Control Unit (ECU) Park Assistance ECU Park Assistance Module (PAM)
ATD-260,306.0,396,,ID2014_Miller_SSA8#,ID2014_Miller_SSA8,Control over many vehicle functions by building  a mobile testing platform and spoofing of CAN messages,Car Hacking: For Poories Miller,2014.0,,,,Yes,Not Systemic,CWE-693,CVSS:3.0/AV:N/AC:L/PR:N/UI:N/S:U/C:H/I:N/A:N,7.5,3.887042775,3.5952,N,,,,,AAD,,Bus Attack,Real Attack,Authentication,CANBus,"Mobile test platform: Lane Keeping Assistant could be attacked so that the steering wheel was controlled, change of speed display",Component 1: Electronic Control Unit (ECU) Power Steering ECU Power Steering Control Module (PSCM)  Component 2: Electronic Control Unit (ECU) Infotainment ECU Audio Control Module (ACM)  Component 3: Electronic Control Unit (ECU) Remote Gateway Ford SYNC computer (Accessory Protocol Interface Module (APIM))  Component 4: Electronic Control Unit (ECU) Park Assistance ECU Park Assistance Module (PAM)
ATD-261,307.0,"298, 299, 300",,"ID2014_Rensen_MSA1_Step1, ID2014_Rensen_MSA1_Step2_1, ID2014_Rensen_MSA1_Step3_2#",ID2014_Rensen_MSA1,Monitoring CAN messages# Monitoring Security Access# Breaking the security access by reverse engineering the data traffic and reverse engineering the the security access algorithm with extracted seed and key pairs,"Systematische SecurityTests von Kraftfahrzeugen Rensen   https://oparu.uniulm.de/xmlui/bitstream/handle/123456789/12225/Thesis_MR_OPARU.pdf?sequence=3&isAllowed=y During Bachelorthesis ""Kommunikation mit dem Diagnosetester Ã¼ber CAN Interface"" of Mr. Rensen as a part of the references dissertation of Mr. Ring",2014.0,,,,Yes,Not Systemic,CWE-693,CVSS:3.0/AV:L/AC:H/PR:N/UI:N/S:U/C:H/I:N/A:N,5.1,1.4372259,3.5952,L,,,,,AAD,,"Diagnostic Attack, Cryptographic Attack",Real Attack,Confidentiality,OBD,Obtainment of CAN messages# Obtainment of Seed and Key Pairs# Seeds and keys could be read. Security access algorithm could be reverse engineered for the airbag ECU,Component 1: Electronic Control Unit (ECU) Airbag ECU   Component 2: Electronic Control Unit (ECU) ABS ECU
ATD-262,308.0,"378, 379, 380",,"ID2014_Woo_MSA1_Step1, ID2014_Woo_MSA1_Step2_1, ID2014_Woo_MSA1_Step3_2#",ID2014_Woo_MSA1,Monitoring CAN messages# Development of malicious smartphone app.  Installation of App on smartphone. Connection Smartphone and target vehicle.# Control of different vehicle functions by spoofing of CAN messages via Wireless connection,A Practical Wireless Attack on the Connected Car and Security Protocol for InVehicle CAN Woo   IEEE Transactions on Intelligent Transportation Systems,2014.0,Yes,Yes,Yes,,Not Systemic,"CWE-693, CWE-664, CWE-284",CVSS:3.0/AV:L/AC:H/PR:N/UI:N/S:U/C:H/I:H/A:N,6.7,1.4372259,5.177088,L,,,,,AAD,,"Bus Attack, Software Attack, Wireless Attack",Real Attack,"Confidentiality, Integrity, Authentication","OBD, Software, Cellular",Obtainment of CAN messages# Communication between Remote Gateway and Smartphone# Physical Malfunction of the vehicle,Electronic Control Unit (ECU) Remote Gateway ECU
ATD-263,309.0,"734, 735",,"ID2015_Bigelow_MSA1_Step1, ID2015_Bigelow_MSA1_Step2_1#",ID2015_Bigelow_MSA1,"Using a custom device, vehicle functions, such as door locks, lights, etc. can be controlled remotely",A 14yearold hacker caught the auto industry by surprise Bigelow   https://www.autoblog.com/2015/02/18/14yearoldhackercaughtindustrybysurprisefeatured/,2015.0,,,,Yes,Not Systemic,CWE-284,CVSS:3.0/AV:A/AC:L/PR:N/UI:N/S:U/C:N/I:H/A:N,6.5,2.83525473,3.5952,A,,,,,AAD,,"Hardware Attack, Wireless Attack",Real Attack,"Integrity, Authentication",OBD,"Sending remote commands to the CAN bus possible# Triggering windshield wipers, unlocking car, remote start of the vehicle, turning lights on and off",
ATD-264,310.0,645,,ID2015_Bilton_SSA1#,ID2015_Bilton_SSA1,Relay attack on keyless entry system of several vehicles,Keeping Your Car Safe From Electronic Thieves Bilton   https://www.nytimes.com/2015/04/16/style/keepingyourcarsafefromelectronicthieves.html,2015.0,Yes,Yes,Yes,Yes,Potentially Systemic,CWE-693,CVSS:3.0/AV:N/AC:L/PR:N/UI:N/S:U/C:N/I:H/A:N,7.5,3.887042775,3.5952,N,,,,,AAD,,Wireless Attack,Real Attack,Authentication,RFID,Car was unlocked,Electronic Control Unit (ECU) Car Access ECU
ATD-265,311.0,"732, 733",,"ID2015_Brook_MSA1_Step1, ID2015_Brook_MSA1_Step2_1#",ID2015_Brook_MSA1,Several vulnerabilities found in OBD dongle during security investigation,Holes in Progressive Dongle Could Lead to Car Hacks Brook   https://threatpost.com/holesinprogressivedonglecouldleadtocarhacks/110511/,2015.0,,Yes,,Yes,Not Systemic,"CWE-710, CWE-693",CVSS:3.0/AV:L/AC:H/PR:N/UI:N/S:U/C:H/I:N/A:N,5.1,1.4372259,3.5952,L,,,,,AAD,,"Software Attack, Wireless Attack",Real Attack,Confidentiality,"Software, Cellular","Several vulnerabilities were found: no digital signature of firmware, no secure boot, usage of insecure FTP protocol# Several vulnerabilities were found: no authentication or encryption in cellular communication","Electronic Control Unit (ECU)  Snapshot OBDDongle from Progressive, used to track driving behavior for car insurance"
ATD-266,312.0,431,,ID2015_CanBusHack_SSA1#,ID2015_CanBusHack_SSA1,Information Gathering by monitoring the CAN traffic,Who's in Control? How to play with Device Control CanBusHack,2015.0,,Yes,Yes,Yes,Not Systemic,CWE-693,CVSS:3.0/AV:A/AC:L/PR:N/UI:N/S:U/C:H/I:N/A:N,6.5,2.83525473,3.5952,A,,,,,AAD,,Bus Attack,Real Attack,Confidentiality,OBD,Eavesdropping of messages and vehicle information,
ATD-267,313.0,"369, 370, 371, 372, 373",,"ID2015_Davis_MSA1_Step1, ID2015_Davis_MSA1_Step2_1, ID2015_Davis_MSA1_Step3_2, ID2015_Davis_MSA1_Step4_3, ID2015_Davis_MSA1_Step5_4#",ID2015_Davis_MSA1,Remote Code Execution by exploiting a vulnerability of the image parser of the DAB radio# SQL Injection on the DAB radio# Cross-Site-Scripting on the DAB radio# Buffer Overflow on the DAB radio# Deactivation of  Advanced Driver-Assistance Systems (ADAS)- functions by sending commands via D-Bus,Broadcasting your attack: Security testing DAB radio in cars Davis,2015.0,,,,Yes,Not Systemic,"CWE-664, CWE-707, CWE-284",CVSS:3.0/AV:N/AC:H/PR:N/UI:N/S:U/C:N/I:H/A:H,7.4,2.2211673,5.177088,N,,,,,AAD,,"Software Attack, Bus Attack",Real Attack,"Integrity, Availability",DAB,Remote Code Execution through vulnerability of a picture parser# SQL Injection# CrossSiteScripting# Buffer Overflow# Deactivation of Advanced DriverAssistance Systems (ADAS)Functions via DBus,"Electronic Control Unit (ECU) Infotainment ECU DAB Radio: DAB Protokolle, HMI, Audio, Video, Bilder, Apps"
ATD-268,314.0,"409, 410, 411, 412",,"ID2015_Foster_MSA1_Step1, ID2015_Foster_MSA1_Step2_1, ID2015_Foster_MSA1_Step3_2, ID2015_Foster_MSA1_Step4_3#",ID2015_Foster_MSA1,Information Gathering via Web/telnet Console Removing and Reverse Engineering Chip of the NAND flash chip# Getting Access via Internet to the Web/telnet console (Root Shell) and Getting Access via the SMS Administration Interface by establishing a 2G connection# Monitoring IP addresses# Triggering brakes and windscreen wipers by sending malicious CAN messages,Fast and vulnerable: A story of Telematic Failures Foster,2015.0,,Yes,,Yes,Not Systemic,"CWE-693, CWE-284",CVSS:3.0/AV:A/AC:H/PR:N/UI:N/S:U/C:H/I:H/A:N,6.8,1.62014555999999,5.177088,A,,,,,AAD,,"Hardware Attack, Software Attack, Wireless Attack",Real Attack,"Confidentiality, Authorization, Authentication","ECU Local test pins on the circuit board, Cellular 2G, 3G","Telephone numbers used in the SMS chip, log files, versions and states of the telematics components could be read.  Software could be extracted as well as the main Java framework. Public and private keys could be read.# Root Shell Access to Web/telnet Interface# 1500 potential devices and 300 IP addresses could be found# Sending of malicious CAN messages possible","Electronic Control Unit (ECU) Telematics ECU TCU manufactured by Mobile Devices Ingenierie (GPS, 3D Accelerometer, 3D Gyroscope, 500 MHz ARM11 CPU, 64 MB RAM, 256 MB Flash, USBPort, 2G/3G Cellular Data Modem, CANTransceiver mit OBDPins) (Unsorted Block Image File System (UBIFS))"
ATD-269,315.0,"736, 737, 738, 739",,"ID2015_Greenberg_MSA1_Step1, ID2015_Greenberg_MSA1_Step2_1, ID2015_Greenberg_MSA1_Step3_2, ID2015_Greenberg_MSA1_Step4_3#",ID2015_Greenberg_MSA1,Man-in-the-Middle attack on GM OnStar RemoteLink App results in remote conttrol over vehicle functions like door locks and ignition,Patch Your OnStar iOS App to Avoid Getting Your Car Hacked Greenberg   https://www.wired.com/2015/07/patchgmonstariosappavoidwirelesscarhack/,2015.0,,Yes,,,Not Systemic,"CWE-284, CWE-664",CVSS:3.0/AV:P/AC:L/PR:N/UI:R/S:C/C:L/I:H/A:N,5.9,0.66711876,4.71732410701147,P,,,,,AAD,,"Hardware Attack, Wireless Attack, Software Attack",Real Attack,"Integrity, Confidentiality, Authentication","Component Vehicle chassis or bumper, WLAN WiFi connection","Remote WiFi connection can be interferred# User credentials can be acquired# Vehicle location is tracked, additionally personal information can be retrieved# Unlocking doors, activating horn, starting the engine",Electronic Control Unit (ECU) Remote Gateway GM OnStar RemoteLink App
ATD-270,316.0,"742, 743",,"ID2015_Greenberg_MSA2_Step1, ID2015_Greenberg_MSA2_Step2_1#",ID2015_Greenberg_MSA2,"SMS messages can be used in insecure OBD Dongle to send malicious CAN commands to the vehicle. Thus, several car components can be controlled",Hackers Cut a Corvette's Brakes Via a Common Car Gadget Greenberg   https://www.wired.com/2015/08/hackerscutcorvettesbrakesviacommoncargadget/,2015.0,Yes,Yes,Yes,Yes,Not Systemic,"CWE-710, CWE-284",CVSS:3.0/AV:L/AC:H/PR:N/UI:N/S:U/C:H/I:H/A:H,7.4,1.4372259,5.87311872,L,,,,,AAD,,"Software Attack, Wireless Attack",Real Attack,"Confidentiality, Authentication","Component OBDDongle, Cellular","Several Vulnerabilities were found: Developer mode is enabled, so remote device access is possible. The same private key is stored on every device. No authentication for commands via SMS# Windshield wipers were activated. Brakes were activated and also disabled.","Electronic Control Unit (ECU)  OBDDongle with Cellularconnection Manufactured by Mobile Devices, used by insurance companies to adapt prices to driving behavior"
ATD-271,317.0,"746, 747",,"ID2015_Ilascu_MSA1_Step1, ID2015_Ilascu_MSA1_Step2_1#",ID2015_Ilascu_MSA1,Man-in-the-Middle attack is used for replaying valid key commands to unlock and start a Tesla Model S,Tesla Model S Hacked to Start Without Key Ilascu   https://news.softpedia.com/news/TeslaModelSHackedtoStartWithoutKey470827.shtml,2015.0,,,,Yes,Not Systemic,CWE-284,CVSS:3.0/AV:N/AC:L/PR:N/UI:R/S:U/C:H/I:H/A:N,8.1,2.83525473,5.177088,N,,,,,AAD,,Wireless Attack,Real Attack,"Confidentiality, Authentication",RFID,Authentication secret was acquired# Vehicle was unlocked and started,Electronic Control Unit (ECU) Car Access ECU
ATD-272,318.0,741,,ID2015_Leyden_SSA1#,ID2015_Leyden_SSA1,Vehicle location tracking by intercepting the communication between vehicles and roadside units,"Connected smart cars are easily trackable, warns infosec bod Leyden   https://www.theregister.com/2015/11/30/smart_cars_privacy_security/",2015.0,,,,Yes,Not Systemic,CWE-664,CVSS:3.0/AV:N/AC:L/PR:N/UI:N/S:U/C:L/I:N/A:N,5.3,3.887042775,1.41239999999999,N,,,,,AAD,,Wireless Attack,Real Attack,Confidentiality,WLAN,Vehicle location can be tracked,
ATD-273,319.0,"397, 398, 399, 400, 401",,"ID2015_Mahaffey_MSA1_Step1, ID2015_Mahaffey_MSA1_Step2_1, ID2015_Mahaffey_MSA1_Step3_2, ID2015_Mahaffey_MSA1_Step4_3, ID2015_Mahaffey_MSA1_Step5_4#",ID2015_Mahaffey_MSA1,"Information Gathering about the vehicle. Analysis of vehicles internal networks and systems.# Unknown connector on the CID turned out to be an Ethernet port, with non-standardized interface -> communication with the internal network possible.# Reverse Engineering Firmware# Getting root access# Control of interior and exterior lighting, chassis, air conditioning, horn, switch vehicle off and start by sending CAN messages",Hacking a Tesla Model S: What we found and what we've learned Mahaffey,2015.0,,Yes,,,Not Systemic,"CWE-693, CWE-284",CVSS:3.0/AV:A/AC:H/PR:N/UI:N/S:U/C:H/I:H/A:N,6.8,1.62014555999999,5.177088,A,,,,,AAD,,"Hardware Attack, Software Attack, Bus Attack",Real Attack,"Confidentiality, Availability, Authorization, Authentication","ECU, Ethernet",Unauthorized communication with ECU# browser crash# User Accounts and Paawords could be extracted# 30 services could be addressed via the internal network Root access to the infotainment system.# Opening/closing doors and boot. Starting and stopping the engine,Component 1: Electronic Control Unit (ECU) Instrument Cluster Instrument Cluster (IC)  Component 2: Electronic Control Unit (ECU) Infotainment ECU Center Information Display (CID)  17Inch Touchscreen (NVIDIA Tegra)
ATD-274,320.0,"263, 264, 265, 266",,"ID2015_Miller_MSA1_Step1, ID2015_Miller_MSA1_Step2_1, ID2015_Miller_MSA1_Step3_2, ID2015_Miller_MSA1_Step4_3#",ID2015_Miller_MSA1,Reverse engneering of the OMAP chip in the WLAN module# Disassembling Firmware# Brute Forcing WLAN Password# Reverse engneering of the OMAP chip in the WLAN module and brute forcing the WLAN password. Reduction of the search room.,Remote Exploitation of an Unaltered Passenger Vehicle  Miller,2015.0,Yes,Yes,Yes,Yes,Not Systemic,"CWE-693, CWE-284",CVSS:3.0/AV:L/AC:H/PR:N/UI:N/S:C/C:H/I:H/A:N,7.8,1.4372259,5.75763096779508,L,,,,,AAD,,"Hardware Attack, Software Attack, Cryptographic Attack",Real Attack,Confidentiality,"ECU, Software, WLAN",Information Gain of OMAP chip Functionality# Identification of the Key Calculation Algorithm# Password extraction via brute force possible (not carried out),Electronic Control Unit (ECU) Infotainment ECU Harman Uconnect
ATD-275,321.0,"268, 269, 270",,"ID2015_Miller_MSA2_Step1, ID2015_Miller_MSA2_Step2_1, ID2015_Miller_MSA2_Step3_2#",ID2015_Miller_MSA2,Reverse Engineering D-Bus# Reverse Engineering D-Bus Services# Shell-command injection over D-Bus in order to execute commands on the head unit with custom Python scripts,Remote Exploitation of an Unaltered Passenger Vehicle  Miller,2015.0,,,,Yes,Not Systemic,"CWE-693, CWE-707",CVSS:3.0/AV:P/AC:H/PR:N/UI:N/S:U/C:H/I:H/A:N,5.7,0.5226276,5.177088,P,,,,,AAD,,"Bus Attack, Software Attack",Real Attack,"Confidentiality, Integrity",DBus,Information Gain of DBus Communication# Information Gain of DBus Servcies# Command Injection possible. Running arbitrary shell commands. Executing commands on the head unit,Electronic Control Unit (ECU) Infotainment ECU Harman Uconnect
ATD-276,322.0,"273, 274, 275, 276",,"ID2015_Miller_MSA3_Step1, ID2015_Miller_MSA3_Step2_1, ID2015_Miller_MSA3_Step3_2, ID2015_Miller_MSA3_Step4_3#",ID2015_Miller_MSA3,Firmware Extraction# Reverse Engineering Firmware# Firmware Modification# Flashing of the IOC chip which is reponsible for CAN communication with modified firmware,Remote Exploitation of an Unaltered Passenger Vehicle  Miller,2015.0,Yes,,Yes,Yes,Not Systemic,"CWE-664, CWE-710, CWE-284, CWE-693",CVSS:3.0/AV:P/AC:H/PR:N/UI:N/S:U/C:H/I:H/A:N,5.7,0.5226276,5.177088,P,,,,,AAD,,Software Attack,Real Attack,"Confidentiality, Integrity","WLAN, Software, CANBus",Obtainment of Firmware# Information Gain of Firmware Functionality# Sending of any CAN messages possible due to full control over ECU,Electronic Control Unit (ECU) Infotainment ECU Harman Uconnect# 
ATD-277,323.0,"277, 278, 279, 280",,"ID2015_Miller_MSA4_Step1, ID2015_Miller_MSA4_Step2_1, ID2015_Miller_MSA4_Step3_2, ID2015_Miller_MSA4_Step4_3#",ID2015_Miller_MSA4,Sending CAN messages to activate update mode# Sending CAN messages to activate bootrom mode# Firmware Modification# Mounting the /fs/mmc0 Partition of the Infotainment ECU and setting it writeable  in order to flash malicious,Remote Exploitation of an Unaltered Passenger Vehicle  Miller,2015.0,,Yes,,,Not Systemic,"CWE-693, CWE-284",CVSS:3.0/AV:L/AC:H/PR:N/UI:N/S:U/C:N/I:H/A:N,5.1,1.4372259,3.5952,L,,,,,AAD,,"Bus Attack, Software Attack",Real Attack,"Authentication, Integrity","OBD, Software",V850 is in Update Mode# OMAP chip is in Bootrom Mode# Modification of ECU firmware# Update without USB possible,Electronic Control Unit (ECU) Infotainment ECU Harman Uconnect
ATD-278,324.0,"281, 282, 283",,"ID2015_Miller_MSA5_Step1, ID2015_Miller_MSA5_Step2_1, ID2015_Miller_MSA5_Step3_2#",ID2015_Miller_MSA5,"Reverse Engineering message protocol# Reverse Engineering Firmware# Manipulating the turning signals, door locks and the speedometer by spoofing of standard CAN messages.",Remote Exploitation of an Unaltered Passenger Vehicle  Miller,2015.0,,,,Yes,Not Systemic,"CWE-693, CWE-710",CVSS:3.0/AV:P/AC:H/PR:N/UI:N/S:U/C:H/I:H/A:N,5.7,0.5226276,5.177088,P,,,,,AAD,,"Bus Attack, Software Attack",Real Attack,"Confidentiality, Authentication",ECU SPI,"Information Gain of message protocol# Information Gain of Firmware Functionality# Activation of actuators (Door locks, turning signals, speedometer) via standard messages",Component 1: Actuator Door Locks   Component 2: Actuator Turn Signals   Component 3: Electronic Control Unit (ECU) Instrument Cluster Speedometer
ATD-279,325.0,"284, 285, 286",,"ID2015_Miller_MSA6_Step1, ID2015_Miller_MSA6_Step2_1, ID2015_Miller_MSA6_Step3_2#",ID2015_Miller_MSA6,Reverse Engineering the Security Access of the Park Assistence Module (PAM).# Firmware Extraction# Reverse Engineering Firmware,Remote Exploitation of an Unaltered Passenger Vehicle  Miller,2015.0,,Yes,,,Not Systemic,"CWE-693, CWE-664, CWE-710",CVSS:3.0/AV:L/AC:H/PR:N/UI:N/S:U/C:H/I:H/A:N,6.7,1.4372259,5.177088,L,,,,,AAD,,"Diagnostic Attack, Software Attack",Real Attack,Confidentiality,"CANBus, Software",Information Gain of Security Access# Obtainment of Firmware# Information Gain of Firmware Sending of CAN messages possible,Electronic Control Unit (ECU) Park Assistance ECU Park Assistance Module (PAM)
ATD-280,326.0,267,,ID2015_Miller_SSA1#,ID2015_Miller_SSA1,Update of the head unit with malicious firmware over a USB stick.,Remote Exploitation of an Unaltered Passenger Vehicle  Miller,2015.0,Yes,,Yes,,Not Systemic,CWE-284,CVSS:3.0/AV:P/AC:L/PR:N/UI:N/S:C/C:N/I:H/A:N,5.3,0.9145983,3.992805377514,P,,,,,AAD,,Hardware Attack,Real Attack,Authorization,USB,Flashed software can contain malicious code RootPasswords can be changed,Electronic Control Unit (ECU) Infotainment ECU Harman Uconnect
ATD-281,327.0,271,,ID2015_Miller_SSA2#,ID2015_Miller_SSA2,Identification of open ports by portscanning the default gateway.,Remote Exploitation of an Unaltered Passenger Vehicle  Miller,2015.0,,Yes,,,Not Systemic,CWE-664,CVSS:3.0/AV:N/AC:L/PR:N/UI:N/S:C/C:N/I:H/A:N,8.6,3.887042775,3.992805377514,N,,,,,AAD,,Software Attack,Real Attack,Confidentiality,WLAN,Found open ports. Intervention in the communication between different processes possible. Port 6667 is IRC (DBus),Electronic Control Unit (ECU) Infotainment ECU Harman Uconnect
ATD-282,328.0,272,,ID2015_Miller_SSA3#,ID2015_Miller_SSA3,Detection of other vehicles by portscanning the port 6667 for different IP adresses. Vehicle worm possible.,Remote Exploitation of an Unaltered Passenger Vehicle  Miller,2015.0,,Yes,,Yes,Not Systemic,CWE-664,CVSS:3.0/AV:N/AC:L/PR:N/UI:N/S:C/C:H/I:N/A:N,8.6,3.887042775,3.992805377514,N,,,,,AAD,,Software Attack,Real Attack,Confidentiality,Cellular,Found vehicles which afre connected to the Uconnect system. Vehicle worm attack possible that can affect all vehicles which are detected by scan,Electronic Control Unit (ECU) Infotainment ECU Harman Uconnect
ATD-283,329.0,529,,ID2015_Miller_SSA4#,ID2015_Miller_SSA4,"Manipulation of vehicle functions (deactivation of engine cylinder, bleeding brakes, steering intervention) by spoofing of diagnostic CAN messages.",Remote Exploitation of an Unaltered Passenger Vehicle  Miller,2015.0,Yes,,Yes,Yes,Not Systemic,CWE-284,CVSS:3.0/AV:P/AC:H/PR:N/UI:N/S:U/C:H/I:N/A:N,4.2,0.5226276,3.5952,P,,,,,AAD,,Diagnostic Attack,Real Attack,Availability,CANBus,"Activation of actuators (Steering, kill engine, no brakes) via diagnostic messages.",Component 1: Electronic Control Unit (ECU) Engine ECU   Component 2: Actuator Brakes   Component 3: Actuator Steering
ATD-284,330.0,748,CVE-2017-9212,ID2015_NVD_SSA1#,ID2015_NVD_SSA1,Bluetooth stack vulnerability on BMW Infotainment ECU leads to crash of CD/Multimedia software,CVE20179212 Detail  NVD   https://nvd.nist.gov/vuln/detail/CVE20179212,2015.0,Yes,,Yes,,Potentially Systemic,CWE-693,CVSS:3.0/AV:N/AC:L/PR:N/UI:N/S:U/C:N/I:N/A:H,7.5,3.887042775,3.5952,N,,,,,Common,,Software Attack,Real Attack,Availability,Bluetooth,CD/Multimedia system crashed,Electronic Control Unit (ECU) Multi Media Changer
ATD-285,331.0,"646, 647",,"ID2015_Paganini_MSA1_Step1, ID2015_Paganini_MSA1_Step2_1#",ID2015_Paganini_MSA1,Unlocking and stealing vehicle by jamming and replaying key fob signals,How to steal Jaguar XFR cars in 60 seconds by hacking them Paganini   https://securityaffairs.co/wordpress/41604/cybercrime/stealjaguarxfrcars.html,2015.0,,Yes,,,Not Systemic,"CWE-693, CWE-284",CVSS:3.0/AV:N/AC:L/PR:N/UI:R/S:U/C:N/I:H/A:H,8.1,2.83525473,5.177088,N,,,,,AAD,,Wireless Attack,Real Attack,"Availability, Authentication",RFID,"Car can not be opened by user. User presses button a second time. Both signals are intercepted by the attacker. The first signal is forwarded to the vehicle, which unlocks. The attacker now has the second signal whioch can be used to open the car, since that signal is still valid# Car was unlocked",Electronic Control Unit (ECU) Car Access ECU
ATD-286,332.0,"470, 471",,"ID2015_Petit_MSA1_Step1, ID2015_Petit_MSA1_Step2_1#",ID2015_Petit_MSA1,Relaying signals captured by a lidar and transmitted to the vehicle to falsify the echo# Relaying signals captured by a lidar and transmitted to the vehicle to fake echo lidar signals in order to disturb autonomous driving functions,Remote attacks on automated vehicle sensors: Experiments on camera and lidar Petit,2015.0,,Yes,,Yes,Not Systemic,CWE-693,CVSS:3.0/AV:N/AC:H/PR:N/UI:N/S:C/C:N/I:H/A:N,6.8,2.2211673,3.992805377514,N,,,,,AAD,,Environment Attack,Real Attack,"Availability, Integrity",LiDAR,Influence of the driving behaviour by replay of the lidar signal possible.# The generation of fake objects is possible through the spoofing attack.,Component 1: Sensor Camera  MobilEye C2270 (ADAS)  Component 2: Sensor LiDAR Sensor ibeo LUX 3
ATD-287,333.0,468,,ID2015_Petit_SSA1#,ID2015_Petit_SSA1,Blinding camera and lidar by laser attack,Remote attacks on automated vehicle sensors: Experiments on camera and lidar Petit,2015.0,,Yes,,Yes,Not Systemic,CWE-693,CVSS:3.0/AV:N/AC:H/PR:N/UI:N/S:C/C:N/I:H/A:N,6.8,2.2211673,3.992805377514,N,,,,,AAD,,Environment Attack,Real Attack,Integrity,Camera,"Shuttering the camera with laser works largely as front/rear/side attack. Camera could not be completely dazzled, but sufficient to influence function.",Component 1: Sensor Camera  MobilEye C2270 (ADAS)  Component 2: Sensor LiDAR Sensor ibeo LUX 3
ATD-288,334.0,469,,ID2015_Petit_SSA2#,ID2015_Petit_SSA2,Confusing Camera Auto Controls,Remote attacks on automated vehicle sensors: Experiments on camera and lidar Petit,2015.0,,,,Yes,Not Systemic,CWE-693,CVSS:3.0/AV:N/AC:H/PR:N/UI:N/S:C/C:N/I:H/A:N,6.8,2.2211673,3.992805377514,N,,,,,AAD,,Environment Attack,Real Attack,Integrity,Camera,Confusing the auto controls can be realized as front/rear/side attack and can influence the camera. This can go so far that the camera does not recover anymore.,Component 1: Sensor Camera  MobilEye C2270 (ADAS)  Component 2: Sensor LiDAR Sensor ibeo LUX 3
ATD-289,335.0,"287, 288, 289",,"ID2015_Ring_MSA1_Step1, ID2015_Ring_MSA1_Step2_1, ID2015_Ring_MSA1_Step3_2#",ID2015_Ring_MSA1,Monitoring CAN messages# Reverse Engineering Diagnostic Functions# Deactivating single engine cylinders by spoofing diagnostic CAN messages,Systematische SecurityTests von Kraftfahrzeugen Ring   https://oparu.uniulm.de/xmlui/bitstream/handle/123456789/12225/Thesis_MR_OPARU.pdf?sequence=3&isAllowed=y,2015.0,Yes,,Yes,,Not Systemic,"CWE-693, CWE-284",CVSS:3.0/AV:L/AC:H/PR:N/UI:N/S:U/C:H/I:H/A:N,6.7,1.4372259,5.177088,L,,,,,AAD,,Diagnostic Attack,Real Attack,"Confidentiality, Availability",OBD,Obtainment of CAN messages# Information Gain of Diagnostic Functions and Protocols# Engine shutdown by any speed,Component 1: Electronic Control Unit (ECU) Engine ECU   Component 2: Actuator Injection
ATD-290,336.0,"290, 291, 292",,"ID2015_Ring_MSA2_Step1, ID2015_Ring_MSA2_Step2_1, ID2015_Ring_MSA2_Step3_2#",ID2015_Ring_MSA2,Monitoring CAN messages# Reverse Engineering Diagnostic Functions# Activation of the chassis rodeo diagnostic function by replaying the captured diagnostic routine,Systematische SecurityTests von Kraftfahrzeugen Ring   https://oparu.uniulm.de/xmlui/bitstream/handle/123456789/12225/Thesis_MR_OPARU.pdf?sequence=3&isAllowed=y,2015.0,,,Yes,,Not Systemic,"CWE-693, CWE-284",CVSS:3.0/AV:A/AC:H/PR:N/UI:N/S:U/C:H/I:H/A:N,6.8,1.62014555999999,5.177088,A,,,,,AAD,,Diagnostic Attack,Real Attack,"Confidentiality, Authentication",OBD,Obtainment of CAN messages# Information Gain of Diagnostic Functions and Protocols# Execution of rodeo routine  by any speed,Component 1: Electronic Control Unit (ECU) Chassis ECU   Component 2: Actuator Chassis Air Chassis
ATD-291,337.0,"294, 295, 296",,"ID2015_Ring_MSA3_Step1, ID2015_Ring_MSA3_Step2_1, ID2015_Ring_MSA3_Step3_2#",ID2015_Ring_MSA3,Monitoring CAN messages# Reverse Engineering Diagnostic Functions# Deactivation of the powertrain during driving by spoofing a CAN diagnostic message which leads to decelerate the vehicle until standstill.,Systematische SecurityTests von Kraftfahrzeugen Ring   https://oparu.uniulm.de/xmlui/bitstream/handle/123456789/12225/Thesis_MR_OPARU.pdf?sequence=3&isAllowed=y,2015.0,Yes,,Yes,,Not Systemic,"CWE-693, CWE-284",CVSS:3.0/AV:L/AC:H/PR:N/UI:N/S:U/C:H/I:H/A:N,6.7,1.4372259,5.177088,L,,,,,AAD,,Diagnostic Attack,Real Attack,"Confidentiality, Availability",OBD,Obtainment of CAN messages# Information Gain of Diagnostic Functions and Protocols# Deactivation of electric motors. Vehicle stops by any speed,Electronic Control Unit (ECU) Hybrid ECU
ATD-292,338.0,293,,ID2015_Ring_SSA1#,ID2015_Ring_SSA1,Denial of service attack on the CAN network by spoofing CAN messages  with high priority which leads to failure of different displays and the infotainment system,Systematische SecurityTests von Kraftfahrzeugen Ring   https://oparu.uniulm.de/xmlui/bitstream/handle/123456789/12225/Thesis_MR_OPARU.pdf?sequence=3&isAllowed=y,2015.0,,,,Yes,Not Systemic,CWE-664,CVSS:3.0/AV:A/AC:L/PR:N/UI:N/S:C/C:N/I:L/A:H,8.2,2.83525473,4.71732410701147,A,,,,,AAD,,Diagnostic Attack,Real Attack,Availability,OBD,Suppression of messages Failure of different functions like Infotainment,Electronic Control Unit (ECU) Infotainment ECU
ATD-293,339.0,425,,ID2015_RÃ¼sberg_SSA1#,ID2015_RÃ¼sberg_SSA1,Relay attack on keyless entry system of a vehicle,Keyless Gone. Autodiebe tricksen kontaktlose SchlieÃŸsysteme aus RÃ¼sberg,2015.0,,Yes,,Yes,Not Systemic,CWE-693,CVSS:3.0/AV:N/AC:L/PR:N/UI:N/S:U/C:N/I:H/A:N,7.5,3.887042775,3.5952,N,,,,,AAD,,Wireless Attack,Real Attack,Authentication,RFID,Unlocking cars via bigger distances,Electronic Control Unit (ECU) Car Access ECU Car Access System
ATD-294,340.0,740,,ID2015_Smith_SSA1#,ID2015_Smith_SSA1,Malware attack on diagnostic tool can lead to a distribution of the malware on attached vehicles,Cars Exposed to Hacking Inside Car Dealerships Smith   https://news.softpedia.com/news/carsexposedtohackinginsidecardealerships493572.shtml,2015.0,,,,Yes,Not Systemic,CWE-707,CVSS:3.0/AV:A/AC:L/PR:N/UI:N/S:C/C:N/I:H/A:N,7.4,2.83525473,3.992805377514,A,,,,,AAD,,Diagnostic Attack,Real Attack,Integrity,Component Vehicle Diagnostics Tool,Vehicle diagnostics tool can be compromized in such a way that it can infect multiple vehicles to which the tool is connected,
ATD-295,341.0,297,,ID2015_Sommer_SSA1#,ID2015_Sommer_SSA1,"Portscanning the vehicle networks for ECUs, services and subroutines by sending diagnostic CAN requests and validating the responses","Systematische SecurityTests von Kraftfahrzeugen Sommer   https://oparu.uniulm.de/xmlui/bitstream/handle/123456789/12225/Thesis_MR_OPARU.pdf?sequence=3&isAllowed=y During Bachelorthesis ""Entwicklung eines Portscanners fÃ¼r CAN, LIN und Ethernet"" of Mr. Sommer as a part of the references dissertation of Mr. Ring",2015.0,,,,Yes,Not Systemic,CWE-664,CVSS:3.0/AV:A/AC:L/PR:N/UI:N/S:U/C:L/I:N/A:N,4.3,2.83525473,1.41239999999999,A,,,,,AAD,,Diagnostic Attack,Real Attack,Confidentiality,OBD,"Determination of all ECUs, services and subroutines. Activation of actuators possible like shutdown of injection, activation of rodeo routine. Reading of vehicle infomration (SWversions, chassis number, ECU names, ...)",
ATD-296,342.0,"320, 321",,"ID2015_Spaar_MSA1_Step1, ID2015_Spaar_MSA1_Step2_1#",ID2015_Spaar_MSA1,Monitoring Backend communication# Unlocking the door locks by replaying the unlocking routine between the smartphone app and the backend server of the vehicle manufacturer,http://heise.de/2536384  Spaar,2015.0,,,Yes,,Not Systemic,"CWE-693, CWE-284",CVSS:3.0/AV:N/AC:H/PR:N/UI:N/S:U/C:H/I:H/A:N,7.4,2.2211673,5.177088,N,,,,,AAD,,Wireless Attack,Real Attack,"Confidentiality, Authentication",Cellular,Unlocking Communicating Routine could be recorded# Unlocking the driver door,"Electronic Control Unit (ECU) Remote Gateway BMW ConnectedDrive ConnectedDrive ECU (Combox), module from Cinterion for cellular communication via GSM/GPRS/EDGE, V850ESRenesas Chip."
ATD-297,343.0,319,,ID2015_Spaar_SSA1#,ID2015_Spaar_SSA1,Extraction of hard coded keys by dumping and reverse enginering the remote gateway firmware,http://heise.de/2536384  Spaar,2015.0,,,Yes,Yes,Not Systemic,CWE-693,CVSS:3.0/AV:P/AC:H/PR:N/UI:N/S:U/C:H/I:N/A:N,4.2,0.5226276,3.5952,P,,,,,AAD,,Software Attack,Real Attack,Confidentiality,ECU Flash Chip,"Identification of crypto and hash algorithms, used tables and constants from the firmware. > Encryption and signature over 16 pairs of two 64bit keys. DES algorithm  Decoded Emergency SMS","Electronic Control Unit (ECU) Remote Gateway BMW ConnectedDrive ConnectedDrive ECU (Combox), module from Cinterion for cellular communication via GSM/GPRS/EDGE, V850ESRenesas Chip."
ATD-298,344.0,"361, 362, 363",,"ID2016_Burakova_MSA1_Step1, ID2016_Burakova_MSA1_Step2_1, ID2016_Burakova_MSA1_Step3_2#",ID2016_Burakova_MSA1,"Changing displayed values of different controls in the instrument cluster (oil pressure, oil temperature, fuel level, ...) by reverse engineering the CAN data traffic and spoofing false messages# Controlling vehicle speed by spoofing false CAN messages# Deactivation of engine brake by spoofing CAN message with modified parameters",Truck Hacking: An Experimental Analysis of the SAE J1939 Standard Burakova,2016.0,,,Yes,,Not Systemic,"CWE-693, CWE-284",CVSS:3.0/AV:A/AC:L/PR:N/UI:N/S:U/C:H/I:N/A:N,6.5,2.83525473,3.5952,A,,,,,AAD,,Bus Attack,Real Attack,"Confidentiality, Authentication, Availability",OBD,"Change the display for: Oil temperature, oil pressure, coolant temperature, rpm, speed, tank level, battery charge and air pressure of the brake system.# Overwriting the accelerator pedal using the Parameter Group Number (PGN) Torque/Speed Control (TSC)1 message parameters, acceleration via the speed mode and increasing the target speed, preventing acceleration using torque control and reducing the target torque.# Deactivation of the motor brake via parameters of the TSC1 message.",Electronic Control Unit (ECU) Instrument Cluster# Electronic Control Unit (ECU) Engine ECU Powertrain# Component 1: Electronic Control Unit (ECU) Engine ECU   Component 2: Electronic Control Unit (ECU) Engine Brake
ATD-299,345.0,578,,ID2016_Etehad_SSA1#,ID2016_Etehad_SSA1,Relay attack on keyless entry system of several vehicles,"A â€˜mystery deviceâ€™ is letting thieves break into cars and drive off with them, insurance group says Etehad   https://www.latimes.com/business/lafihymysterycarstealingdevice20161207story.html",2016.0,,Yes,,Yes,Not Systemic,CWE-693,CVSS:3.0/AV:N/AC:L/PR:N/UI:N/S:U/C:N/I:H/A:N,7.5,3.887042775,3.5952,N,,,,,AAD,,Wireless Attack,Real Attack,Authentication,RFID Keyless Access System,Several vehicles could be opened and started.,Electronic Control Unit (ECU) Car Access ECU Keyless Access System
ATD-300,346.0,"421, 422, 423, 424",,"ID2016_Garcia_MSA1_Step1, ID2016_Garcia_MSA1_Step2_1, ID2016_Garcia_MSA1_Step3_2, ID2016_Garcia_MSA1_Step4_3#",ID2016_Garcia_MSA1,Analysis of ECU and Chip# Firmware Extraction# Extracting the global master key by Reverse Engineering of the Firmware.# Unlocking the car.,Lock It and Still Lose It Â– On the (In)Security of Automotive Remote Keyless Entry Systems Garcia,2016.0,,,,Yes,Not Systemic,"CWE-693, CWE-664, CWE-284",CVSS:3.0/AV:P/AC:H/PR:N/UI:N/S:U/C:H/I:N/A:N,4.2,0.5226276,3.5952,P,,,,,AAD,,"Hardware Attack, Software Attack, Wireless Attack",Real Attack,"Confidentiality, Authentication",RFID,Information Gain of Chip and ECU# Access to Firmware# Reading the Master Key Reverse engineering of the algorithm for unlocking the vehicle  Opening of vehicles possible# Opening of vehicles possible,"Component 1: Electronic Control Unit (ECU) Car Access ECU Remote Keyless Entry (RKE), Volkswagen Systems  Component 2: Electronic Control Unit (ECU) Car Access ECU Remote Keyless Entry (RKE), Hitag2 Cipher"
ATD-301,347.0,664,,ID2016_Geddes_SSA1#,ID2016_Geddes_SSA1,Blocking door lock signals of several vehicles to steal objects from the vehicles,Thieves hacking radio waves to steal from cars at services Geddes   https://www.thetimes.co.uk/article/thieveshackingradiowavestostealfromcarsatservicesll795zvhz,2016.0,Yes,,Yes,,Potentially Systemic,CWE-693,CVSS:3.0/AV:N/AC:L/PR:N/UI:R/S:U/C:N/I:N/A:H,6.5,2.83525473,3.5952,N,,,,,AAD,,Wireless Attack,Real Attack,Availability,RFID,Vehicles were prevented from door locking. Items like laptops were stolen from the cars.,Electronic Control Unit (ECU) Car Access ECU
ATD-302,348.0,"315, 316, 317, 318",,"ID2016_Hunt_MSA1_Step1, ID2016_Hunt_MSA1_Step2_1, ID2016_Hunt_MSA1_Step3_2, ID2016_Hunt_MSA1_Step4_3#",ID2016_Hunt_MSA1,"Monitoring Bluetooth traffic# Activation of different services (Start/Stop of charging, air conditioning, ...) by spoofing of messages.# Proxying Chrome with Burp Suite.# Connection to random vehicles by brute forcing the Vehicle Identification Number in order to connect the smartphone app with the vehicle.",https://www.troyhunt.com/controllingvehiclefeaturesofnissan/ Hunt,2016.0,,Yes,,,Not Systemic,"CWE-693, CWE-284",CVSS:3.0/AV:L/AC:H/PR:N/UI:N/S:U/C:H/I:H/A:N,6.7,1.4372259,5.177088,L,,,,,AAD,,"Wireless Attack, Software Attack, Cryptographic Attack",Real Attack,"Confidentiality, Authentication","Bluetooth USB possible, Software",Personal Information and vehicle information could be read.# Activation of the air conditioner. Starting and stopping of charging. Connection to random Nissan Vehicle.# Communication with vehicle possible.# Personal Information and vehicle information could be read. Activation of the air conditioner. Starting and stopping of charging. Connection to random Nissan Vehicle.,Electronic Control Unit (ECU) Telematics ECU
ATD-303,349.0,"348, 349",,"ID2016_KeenLab_MSA1_Step1, ID2016_KeenLab_MSA1_Step2_1#",ID2016_KeenLab_MSA1,"Activation of sunroof, truning signals and seat adjustment, Unlocking the car by connecting to WLAN and spoofing malicious CAN messages# Activation of  windscreen washer, outside mirror, trunk, Deceleration of the vehicle by connecting to WLAN and spoofing malicious CAN messages","Car Hacking Research: Remote Attack Tesla Motors,  KeenLab",2016.0,,Yes,,,Not Systemic,CWE-284,CVSS:3.0/AV:N/AC:L/PR:N/UI:N/S:U/C:N/I:H/A:N,7.5,3.887042775,3.5952,N,,,,,AAD,,Wireless Attack,Real Attack,Authentication,WLAN,"Activation of sunroof, truning signals and seat adjustment. Unlocking the car# Activation of  windscreen washer, outside mirror, trunk. Deceleration of the vehicle",Electronic Control Unit (ECU) Remote Gateway
ATD-304,350.0,531,,ID2016_Klinedinst_SSA1#,ID2016_Klinedinst_SSA1,Investigation of vulnerabilities in connected cars,On board diagnostics: Risks and vulnerabilities of the connected vehicle Klinedinst,2016.0,Yes,,Yes,,Potentially Systemic,CWE-693,CVSS:3.0/AV:A/AC:H/PR:N/UI:N/S:U/C:H/I:N/A:N,5.3,1.62014555999999,3.5952,A,,,,,AAD,,Bus Attack,Analysis,Authentication,OBD,Inject arbitrary CAN packets,
ATD-305,351.0,532,,ID2016_Klinedinst_SSA2#,ID2016_Klinedinst_SSA2,Investigation of vulnerabilities in connected cars,On board diagnostics: Risks and vulnerabilities of the connected vehicle Klinedinst,2016.0,,,,Yes,Not Systemic,CWE-284,CVSS:3.0/AV:A/AC:H/PR:N/UI:N/S:U/C:H/I:N/A:N,5.3,1.62014555999999,3.5952,A,,,,,AAD,,Bus Attack,Analysis,Integrity,OBD,Lock/unlock doors Turn on/off vehicle Inject arbitrary CAN packets,
ATD-306,352.0,533,,ID2016_Klinedinst_SSA3#,ID2016_Klinedinst_SSA3,Investigation of vulnerabilities in connected cars,On board diagnostics: Risks and vulnerabilities of the connected vehicle Klinedinst,2016.0,Yes,Yes,Yes,,Potentially Systemic,CWE-693,CVSS:3.0/AV:A/AC:H/PR:N/UI:N/S:U/C:H/I:N/A:N,5.3,1.62014555999999,3.5952,A,,,,,AAD,,Software Attack,Analysis,Confidentiality,OBD,"Affect vehicle GPS tracking as well as speed, heading, and altitude Read the carâ€™s internal data: temperatures, fuel levels, diagnostic trouble codes, etc.",
ATD-307,353.0,534,,ID2016_Klinedinst_SSA4#,ID2016_Klinedinst_SSA4,Investigation of vulnerabilities in connected cars,On board diagnostics: Risks and vulnerabilities of the connected vehicle Klinedinst,2016.0,,Yes,,Yes,Not Systemic,CWE-693,CVSS:3.0/AV:A/AC:H/PR:N/UI:N/S:U/C:H/I:N/A:N,5.3,1.62014555999999,3.5952,A,,,,,AAD,,Bus Attack,Analysis,Authentication,OBD,Inject arbitrary CAN packets Turn on/off vehicle,
ATD-308,354.0,481,,ID2016_Klinedinst_SSA5#,ID2016_Klinedinst_SSA5,Investigation of vulnerabilities in connected cars,On board diagnostics: Risks and vulnerabilities of the connected vehicle Klinedinst,2016.0,Yes,,Yes,,Potentially Systemic,CWE-693,CVSS:3.0/AV:A/AC:H/PR:N/UI:N/S:U/C:H/I:N/A:N,5.3,1.62014555999999,3.5952,A,,,,,AAD,,Software Attack,Analysis,Integrity,OBD,Arbitrarily modify firmware Maliciously update remote firmware,
ATD-309,355.0,"498, 499",,"ID2016_Liu_MSA1_Step1, ID2016_Liu_MSA1_Step2_1#",ID2016_Liu_MSA1,Misleading image classification network with non-targeted attack# Misleading image classification network with targeted attack,Delving into Transferable Adversarial Examples and BlackBox Attacks Liu,2016.0,Yes,Yes,Yes,Yes,Not Systemic,CWE-707,CVSS:3.0/AV:L/AC:H/PR:N/UI:N/S:C/C:N/I:H/A:N,5.9,1.4372259,3.992805377514,L,,,,,AAD,,Artificial Intelligence Attack,Real Attack,Integrity,Software,"Nontargeted: Optimizationbased > many adversarial images could be transferred to other models Fast Gradient > High transferability   Real worls attack: Adversarial Examples for Clarifai. For nontargeted there is a high transferability, for targeted there is medium transferability (5070%).# Targeted: Optimizationbased > hardly transferability possible Fast Dradient > Hardly transferability possible  Real worls attack: Adversarial Examples for Clarifai. For nontargeted there is a high transferability, for targeted there is medium transferability (5070%).",
ATD-310,356.0,"301, 302, 303, 304, 305",,"ID2016_Lodge_MSA1_Step1, ID2016_Lodge_MSA1_Step2_1, ID2016_Lodge_MSA1_Step3_2, ID2016_Lodge_MSA1_Step4_3, ID2016_Lodge_MSA1_Step5_4#",ID2016_Lodge_MSA1,"Deauthentication of mobile device# Extracting the Pre-Shared-Key of the Wi-Fi connection by brute force attack# Monitoring WLAN connection# Reverse Engineering Protocol# Manipulating vehicle functions (battery charging, alarm, lighting, Â…) by spoofing of messages of the WLAN connection with the smart phone app of the vehicle manufacturer",https://www.pentestpartners.com/blog/hackingthemitsubishioutlanderphevhybridsuv/ Lodge,2016.0,Yes,Yes,Yes,Yes,Not Systemic,"CWE-664, CWE-284, CWE-693",CVSS:3.0/AV:L/AC:H/PR:L/UI:N/S:U/C:H/I:H/A:H,7.0,1.04832948,5.87311872,L,,,,,AAD,,"Wireless Attack, Cryptographic Attack, Software Attack",Real Attack,"Availability, Confidentiality, Authentication",WLAN,"Obtainment of the Handshake Process between WLAN router and mobile device# Shared Key could be cracked within four days by using four GPUs# Obtainment of WLAN messages# Information Gain of WLAN data protocols# Activation of Air Conditioning, Heating, Battery Draining. Disabling alarm, unlocking the car",Electronic Control Unit (ECU) Remote Gateway WiFiAccessPoint
ATD-311,357.0,306,,ID2016_Lodge_SSA1#,ID2016_Lodge_SSA1,Tracking of vehicle locations on the website www.wigle.net.,https://www.pentestpartners.com/blog/hackingthemitsubishioutlanderphevhybridsuv/ Lodge,2016.0,Yes,Yes,Yes,,Potentially Systemic,CWE-664,CVSS:3.0/AV:N/AC:H/PR:N/UI:N/S:U/C:H/I:L/A:N,6.5,2.2211673,4.216656,N,,,,,AAD,,Software Attack,Real Attack,Confidentiality,WLAN,Sensing of messages via mobile phone app. Switching the light on and off. Changing of the charging rate. Activation of the vntilation and heating. Draining the battery. Deactivation of the alarm,Electronic Control Unit (ECU) Remote Gateway WiFiAccessPoint
ATD-312,358.0,"331, 332, 333, 334, 335",,"ID2016_Miller_MSA1_Step1, ID2016_Miller_MSA1_Step2_1, ID2016_Miller_MSA1_Step3_2, ID2016_Miller_MSA1_Step4_3, ID2016_Miller_MSA1_Step5_4#",ID2016_Miller_MSA1,Deactivation of park assistance by setting the park assistance ECU into bootrom mode by sending CAN messages# Getting Security Access# Deleting Firmware# Sending malicious CAN messages with vehicle speed# Steering the vehicle by spoofing of park assistance CAN messages.,CAN Message Injection  Miller,2016.0,Yes,,Yes,,Potentially Systemic,CWE-693,CVSS:3.0/AV:A/AC:L/PR:N/UI:N/S:U/C:H/I:H/A:N,8.1,2.83525473,5.177088,A,,,,,AAD,,"Diagnostic Attack, Bus Attack",Real Attack,"Availability, Authorization, Integrity, Authentication",OBD,ECU is set into bootrom mode# Security Access is established# ECU is not available anymore# ECUs in the CAN network read false speed# Steering activation by any speed,Electronic Control Unit (ECU) Park Assistance ECU Park Assistance Module (PAM)
ATD-313,359.0,"336, 337, 338, 339, 788",,"ID2016_Miller_MSA2_Step1, ID2016_Miller_MSA2_Step2_1, ID2016_Miller_MSA2_Step4_3, ID2016_Miller_MSA2_Step5_4#, ID2016_Miller_MSA2_Step3_2",ID2016_Miller_MSA2,Monitoring Flash Process# Getting Security Access# Control over steering by flashing of modified firmware on ECU# Brute Forcing Firmware Checksum during update# Modifying firmware,CAN Message Injection  Miller,2016.0,Yes,,Yes,Yes,Potentially Systemic,"CWE-693, CWE-284",CVSS:3.0/AV:A/AC:H/PR:N/UI:N/S:U/C:H/I:H/A:N,6.8,1.62014555999999,5.177088,A,,,,,AAD,,"Diagnostic Attack, Cryptographic Attack, Software Attack",Real Attack,"Confidentiality, Authorization, Integrity",OBD,Flashing information avilable for further steps.# Authorized access for executing diagnostic functions.# Modified firmware on ECU.# Malicious firmware is accepted by ECU# Modified firmware image,Electronic Control Unit (ECU) Power Steering ECU Power Steering Control Module (PSCM)
ATD-314,360.0,"341, 342",,"ID2016_Miller_MSA3_Step1, ID2016_Miller_MSA3_Step2_1#",ID2016_Miller_MSA3,Reverse Engineering Firmware# Activation of diagnostic mode while driving (violation of diagnostic standard),CAN Message Injection  Miller,2016.0,Yes,,Yes,,Not Systemic,"CWE-710, CWE-693",CVSS:3.0/AV:P/AC:H/PR:N/UI:N/S:U/C:H/I:H/A:N,5.7,0.5226276,5.177088,P,,,,,AAD,,"Software Attack, Diagnostic Attack",Real Attack,"Confidentiality, Authentication",OBD,Information about diagnostic mode can be extracted# Activation of diagnostic mode while driving (violation of diagnostic standard),Electronic Control Unit (ECU) Power Steering ECU Power Steering Control Module (PSCM)
ATD-315,361.0,"344, 345",,"ID2016_Miller_MSA4_Step1, ID2016_Miller_MSA4_Step2_1#",ID2016_Miller_MSA4,Sending malicious CAN messages to activate bootrom mode# Deceleration of the vehicle by spoofing CAN message that contains the signal of the electronic parking brake,CAN Message Injection  Miller,2016.0,Yes,,Yes,,Potentially Systemic,CWE-693,CVSS:3.0/AV:A/AC:L/PR:N/UI:N/S:U/C:N/I:H/A:N,6.5,2.83525473,3.5952,A,,,,,AAD,,Bus Attack,Real Attack,Authentication,OBD,ECU is in Bootrom Mode# Strong braking of the vehicle,Electronic Control Unit (ECU) Electronic Parking Brake ECU
ATD-316,362.0,"346, 347",,"ID2016_Miller_MSA5_Step1, ID2016_Miller_MSA5_Step2_1#",ID2016_Miller_MSA5,Preventing vehicle from moving by spoofing CAN message of the electronic parking brake while vehicle stands still# Sending malicious CAN messages to activate bootrom mode,CAN Message Injection  Miller,2016.0,Yes,Yes,Yes,,Potentially Systemic,"CWE-284, CWE-693",CVSS:3.0/AV:A/AC:L/PR:N/UI:N/S:U/C:N/I:H/A:H,8.1,2.83525473,5.177088,A,,,,,AAD,,Bus Attack,Real Attack,"Availability, Authentication",OBD,Parking brake prevents vehicle from moving,Electronic Control Unit (ECU) Electronic Parking Brake ECU
ATD-317,363.0,340,,ID2016_Miller_SSA1#,ID2016_Miller_SSA1,Acceleration and deceleration of the vehicle by sending valid ACC CAN messages,CAN Message Injection  Miller,2016.0,,Yes,,,Not Systemic,CWE-693,CVSS:3.0/AV:A/AC:L/PR:N/UI:N/S:U/C:N/I:H/A:N,6.5,2.83525473,3.5952,A,,,,,AAD,,Bus Attack,Real Attack,Authentication,OBD,Acceleration and deceleration of the vehicle,Electronic Control Unit (ECU) Adaptive Cruise Control ECU
ATD-318,364.0,343,,ID2016_Miller_SSA2#,ID2016_Miller_SSA2,Deceleration of the vehicle by injecting CAN messages from Pre-Collision System and ACC,CAN Message Injection  Miller,2016.0,Yes,,Yes,,Potentially Systemic,CWE-693,CVSS:3.0/AV:A/AC:L/PR:N/UI:N/S:U/C:N/I:H/A:N,6.5,2.83525473,3.5952,A,,,,,AAD,,Bus Attack,Real Attack,Authentication,OBD,Strong braking of the vehicle,Electronic Control Unit (ECU) Adaptive Cruise Control ECU
ATD-319,365.0,"376, 377",,"ID2016_Palanca_MSA1_Step1, ID2016_Palanca_MSA1_Step2_1#",ID2016_Palanca_MSA1,Monitoring CAN messages# Denial-of-Service Attack between physical and data link layer of the CAN protocol,"A Stealth, Selective, LinkLayer DenialofService Attack Against Automotive Networks. Palanca   International Conference on Detection of Intrusions and Malware, and Vulnerability Assessment",2016.0,,Yes,,Yes,Not Systemic,CWE-693,CVSS:3.0/AV:A/AC:L/PR:N/UI:N/S:U/C:H/I:H/A:N,8.1,2.83525473,5.177088,A,,,,,AAD,,Bus Attack,Real Attack,"Confidentiality, Availability",OBD,Obtainment of CAN messages# Deactivation of the parking assistance,"Electronic Control Unit (ECU) Park Assistance ECU Parking Sensors Module, manufactured by Valeo"
ATD-320,366.0,503,,ID2016_Papernot_SSA1#,ID2016_Papernot_SSA1,Attacking a black box deep neural network classifier by using adversarial examples,Practical Blackbox Attacks against Machine Learning Papernot,2016.0,,,Yes,Yes,Not Systemic,CWE-707,CVSS:3.0/AV:L/AC:H/PR:N/UI:N/S:C/C:N/I:H/A:N,5.9,1.4372259,3.992805377514,L,,,,,AAD,,Artificial Intelligence Attack,Real Attack,Integrity,Software,"Substitute accuracy of up to 83%.  Transferability of adversarial samples of up to 76 %.  Amazon Web Services, Google Cloud with success rates of 96.19% and 88.94% respectively",
ATD-321,367.0,579,,ID2017_BBC_SSA1#,ID2017_BBC_SSA1,Relay attack on keyless entry system of a Mercedes,Relay crime' theft caught on camera BBC   https://www.bbc.com/news/av/uk42132804,2017.0,,Yes,,,Not Systemic,CWE-693,CVSS:3.0/AV:N/AC:L/PR:N/UI:N/S:U/C:N/I:H/A:N,7.5,3.887042775,3.5952,N,,,,,AAD,,Wireless Attack,Real Attack,Authentication,RFID Keyless Access System,Vehicle was stolen,Electronic Control Unit (ECU) Car Access ECU Keyless Access System
ATD-322,368.0,"648, 649",,"ID2017_Beek_MSA1_Step1, ID2017_Beek_MSA1_Step2_1#",ID2017_Beek_MSA1,Telematic and Infotainment unit of Nissan Leaf compromised to establish a honeypot via its backend server to intercept connection attempts and GPS locations,DEFCON â€“ Connected Car Security Beek   https://www.mcafee.com/blogs/otherblogs/mcafeelabs/defconconnectedcarsecurity/,2017.0,,,Yes,,Not Systemic,CWE-693,CVSS:3.0/AV:P/AC:L/PR:N/UI:N/S:C/C:L/I:H/A:N,6.1,0.9145983,4.71732410701147,P,,,,,AAD,,"Hardware Attack, Software Attack",Real Attack,"Confidentiality, Authentication","ECU, GPS",Car manufacturer domain URL was found. Credentials of this domain were not owned any longer.# Connections requests to domain were noticed. Car locations and GPS coordinates could be monitored,Electronic Control Unit (ECU) Navigation ECU
ATD-323,369.0,"650, 651, 652, 653",CVE-2010-3832,"ID2017_Beek_MSA2_Step1, ID2017_Beek_MSA2_Step2_1, ID2017_Beek_MSA2_Step3_2, ID2017_Beek_MSA2_Step4_3#",ID2017_Beek_MSA2,Telematic and Infotainment unit of Nissan Leaf compromised to establish a honeypot via its backend server to intercept connection attempts and GPS locations,DEFCON â€“ Connected Car Security Beek   https://www.mcafee.com/blogs/otherblogs/mcafeelabs/defconconnectedcarsecurity/,2017.0,,Yes,,,Not Systemic,"CWE-693, CWE-710, CWE-664",CVSS:3.0/AV:L/AC:H/PR:L/UI:N/S:C/C:H/I:H/A:N,7.5,1.14978072,5.75763096779508,L,,,,,AAD,,"Bus Attack, Software Attack",Real Attack,"Confidentiality, Integrity",USB,Data traffic was monitored which was being sent and received by outside components# Buffer Overflow vulnerability was identified# Telematics firmware was extracted# CAN messages can potentially be sent over the Telematics unit,Electronic Control Unit (ECU) Telematics ECU Telematics Control Unit (TCU) 2G cellular connection
ATD-324,370.0,508,,ID2017_Brendel_SSA1#,ID2017_Brendel_SSA1,Attacking machine learning algorithms by using pertubations of the inputs,DecisionBased Adversarial Attacks: Reliable Attacks Against BlackBox Machine Learning Models Brendel,2017.0,,,Yes,,Not Systemic,CWE-707,CVSS:3.0/AV:L/AC:H/PR:N/UI:N/S:C/C:N/I:H/A:N,5.9,1.4372259,3.992805377514,L,,,,,AAD,,Artificial Intelligence Attack,Real Attack,Integrity,Software,"Boundary Attack is immune to defenses based on gradientmasking. Boundary Attack has been successfully used in real world image recognition applications. The adversarial examples, which were created by the Boundary Attack, had such small pertubations, that a differentiation from the original was hardly possible and still wrongly classified.",
ATD-325,371.0,744,CVE-2017-9647,ID2017_CISA_SSA1#,ID2017_CISA_SSA1,Exploiting buffer overflow vulnerability in command processing of telematics control modules (TCUs) leading to arbitrary code execution on baseband radio processor,Continental AG Infineon SGold 2 (PMB 8876) CISA   https://www.cisa.gov/uscert/ics/advisories/ICSA1720801,2017.0,,,Yes,,Not Systemic,CWE-664,CVSS:3.0/AV:P/AC:L/PR:N/UI:N/S:U/C:H/I:H/A:H,6.8,0.9145983,5.87311872,P,,,,,Common,,Software Attack,Real Attack,Integrity,Software,Arbitrary code execution on baseband radio processor possible,Electronic Control Unit (ECU) Telematics ECU Telematics Control Unit (TCU) Continental AG.  Contains SGold 2 (PMB 8876) cellular baseband chipset.
ATD-326,372.0,745,CVE-2017-9633,ID2017_CISA_SSA2#,ID2017_CISA_SSA2,Exploiting vulnerability in Temporary Mobile Subscriber Identity (TMSI) in telematics control modules (TCUs),Continental AG Infineon SGold 2 (PMB 8876) CISA   https://www.cisa.gov/uscert/ics/advisories/ICSA1720801,2017.0,,Yes,,,Not Systemic,CWE-664,CVSS:3.0/AV:A/AC:L/PR:N/UI:N/S:U/C:H/I:H/A:H,8.8,2.83525473,5.87311872,A,,,,,Common,,Hardware Attack,Real Attack,Authorization,Cellular,Memory access and control possible,Electronic Control Unit (ECU) Telematics ECU Telematics Control Unit (TCU) Continental AG.  Contains SGold 2 (PMB 8876) cellular baseband chipset.
ATD-327,373.0,749,CVE-2017-6052,ID2017_CISA_SSA3#,ID2017_CISA_SSA3,Man-in-the-Middle attack on telematics communication of Hyundai exploits hard-coded keys in Hyundai Motor America Blue Link 3.9.5 and 3.9.4,Hyundai Motor America Blue Link CISA   https://www.cisa.gov/uscert/ics/advisories/ICSA1711503,2017.0,Yes,,Yes,,Potentially Systemic,CWE-284,CVSS:3.0/AV:A/AC:L/PR:N/UI:R/S:U/C:L/I:L/A:N,4.6,2.068068156,2.51407199999999,A,,,,,Common,,Wireless Attack,Real Attack,Authentication,Cellular,Accces and influence on remote communication between vehicle and external endpoint possible,Electronic Control Unit (ECU) Telematics ECU Blue Link Telematic Application
ATD-328,374.0,750,CVE-2017-6054,ID2017_CISA_SSA4#,ID2017_CISA_SSA4,Extracting sensitive information like vehicle location can lead to vehicle theft,Hyundai Motor America Blue Link CISA   https://www.cisa.gov/uscert/ics/advisories/ICSA1711503,2017.0,,Yes,,,Not Systemic,CWE-284,CVSS:3.0/AV:N/AC:L/PR:N/UI:N/S:U/C:H/I:N/A:N,7.5,3.887042775,3.5952,N,,,,,Common,,Software Attack,Real Attack,Confidentiality,Cellular,Accces on sensitive user data,Electronic Control Unit (ECU) Telematics ECU Blue Link Telematic Application
ATD-329,375.0,"506, 507",,"ID2017_Chen_MSA1_Step1, ID2017_Chen_MSA1_Step2_1#",ID2017_Chen_MSA1,Misclassification of images via untargeted attack with adversarial examples# Misclassification of images via targeted attack with adversarial examples,ZOO: Order Optimization based BlackBox Attacks to Deep Neural Networks without Training Substitute Models Chen,2017.0,,Yes,,,Not Systemic,CWE-707,CVSS:3.0/AV:L/AC:H/PR:N/UI:N/S:C/C:N/I:H/A:N,5.9,1.4372259,3.992805377514,L,,,,,AAD,,Artificial Intelligence Attack,Real Attack,Integrity,Software,"MNIST and CIFAR: Almost 100% success rate Inceptionv3: untargeted attack 90% success rate, targeted attack > probability to recognize the original class is 0.6%, probability to recognize the target class is 0.6",Electronic Control Unit (ECU) Artificial Intelligence Platform Xeon E52690v4 CPU mit NVIDIA K80 GPU AMD Ryzen 1600 CPU
ATD-330,376.0,535,,ID2017_Chen_SSA1#,ID2017_Chen_SSA1,Attacking Deep Neural Networks with Adversarial Examples,EAD: ElasticNet Attacks to Deep Neural Networks via Adversarial Examples Chen,2017.0,,Yes,,,Not Systemic,CWE-707,CVSS:3.0/AV:L/AC:H/PR:N/UI:N/S:C/C:N/I:H/A:N,5.9,1.4372259,3.992805377514,L,,,,,AAD,,Artificial Intelligence Attack,Real Attack,Integrity,Software,Breaking defended and undefended networks. Attack transferable and complement to adversarial training,"Electronic Control Unit (ECU) Artificial Intelligence Platform Intel E52690 v3 CPU (40 GB RAM, NVIDIA K80 GPU)"
ATD-331,377.0,536,,ID2017_Chen_SSA2#,ID2017_Chen_SSA2,Attacking Deep Neural Networks with Adversarial Examples,EAD: ElasticNet Attacks to Deep Neural Networks via Adversarial Examples Chen,2017.0,,,,Yes,Not Systemic,CWE-707,CVSS:3.0/AV:L/AC:H/PR:N/UI:N/S:C/C:N/I:H/A:N,5.9,1.4372259,3.992805377514,L,,,,,AAD,,Artificial Intelligence Attack,Real Attack,Integrity,Software,Breaking defended and undefended networks. Attack transferable and complement to adversarial training,"Electronic Control Unit (ECU) Artificial Intelligence Platform Intel E52690 v3 CPU (40 GB RAM, NVIDIA K80 GPU)"
ATD-332,378.0,500,,ID2017_Chen_SSA3#,ID2017_Chen_SSA3,Attacking Deep Neural Networks with Adversarial Examples,EAD: ElasticNet Attacks to Deep Neural Networks via Adversarial Examples Chen,2017.0,,Yes,,,Not Systemic,CWE-707,CVSS:3.0/AV:L/AC:H/PR:N/UI:N/S:C/C:N/I:H/A:N,5.9,1.4372259,3.992805377514,L,,,,,AAD,,Artificial Intelligence Attack,Real Attack,Integrity,Software,Breaking defended and undefended networks. Attack transferable and complement to adversarial training,"Electronic Control Unit (ECU) Artificial Intelligence Platform Intel E52690 v3 CPU (40 GB RAM, NVIDIA K80 GPU)"
ATD-333,379.0,537,,ID2017_Cisse_SSA1#,ID2017_Cisse_SSA1,Fooling gradient-based algorithms for machine learning by generation of adversarial examples,Houdini: Fooling Deep Structured Prediction Models Cisse,2017.0,,,,Yes,Not Systemic,CWE-707,CVSS:3.0/AV:N/AC:H/PR:N/UI:N/S:C/C:N/I:H/A:N,6.8,2.2211673,3.992805377514,N,,,,,AAD,,Environment Attack,Real Attack,Integrity,Software,"Human Pose Estimation: Deception of algorithms to estimate human poses using targeted and untargeted attacks.  Semantic segmentation: Network hallucinates a segmentation.  Speech Recognition: By generating adversarial audio files, attack on ASR could be carried out",
ATD-334,380.0,538,,ID2017_Cisse_SSA2#,ID2017_Cisse_SSA2,Fooling gradient-based algorithms for machine learning by generation of adversarial examples,Houdini: Fooling Deep Structured Prediction Models Cisse,2017.0,,Yes,,,Not Systemic,CWE-707,CVSS:3.0/AV:N/AC:H/PR:N/UI:N/S:C/C:N/I:H/A:N,6.8,2.2211673,3.992805377514,N,,,,,AAD,,Environment Attack,Real Attack,Integrity,Software,"Human Pose Estimation: Deception of algorithms to estimate human poses using targeted and untargeted attacks.  Semantic segmentation: Network hallucinates a segmentation.  Speech Recognition: By generating adversarial audio files, attack on ASR could be carried out",
ATD-335,381.0,501,,ID2017_Cisse_SSA3#,ID2017_Cisse_SSA3,Fooling gradient-based algorithms for machine learning by generation of adversarial examples,Houdini: Fooling Deep Structured Prediction Models Cisse,2017.0,,Yes,,,Not Systemic,CWE-707,CVSS:3.0/AV:N/AC:H/PR:N/UI:N/S:C/C:N/I:H/A:N,6.8,2.2211673,3.992805377514,N,,,,,AAD,,Environment Attack,Real Attack,Integrity,Software,"Human Pose Estimation: Deception of algorithms to estimate human poses using targeted and untargeted attacks.  Semantic segmentation: Network hallucinates a segmentation.  Speech Recognition: By generating adversarial audio files, attack on ASR could be carried out",
ATD-336,382.0,539,,ID2017_Eykholt_SSA1#,ID2017_Eykholt_SSA1,Triggering misclassification on a deep neural network by generation of physical pertubations,Robust PhysicalWorld Attacks on Deep Learning Models Eykholt,2017.0,,Yes,,Yes,Not Systemic,CWE-693,CVSS:3.0/AV:N/AC:H/PR:N/UI:N/S:C/C:N/I:H/A:N,6.8,2.2211673,3.992805377514,N,,,,,AAD,,Environment Attack,Real Attack,Integrity,Camera,"LISACNN: targetedattack successrate von 73,33% GTSRBCNN: targetedattack successrate von 80% Inceptionv3: targetattack successrate von 90% und 71,4%",
ATD-337,383.0,540,,ID2017_Eykholt_SSA2#,ID2017_Eykholt_SSA2,Triggering misclassification on a deep neural network by generation of physical pertubations,Robust PhysicalWorld Attacks on Deep Learning Models Eykholt,2017.0,,Yes,,Yes,Not Systemic,CWE-707,CVSS:3.0/AV:N/AC:H/PR:N/UI:N/S:U/C:N/I:H/A:N,5.9,2.2211673,3.5952,N,,,,,AAD,,Environment Attack,Real Attack,Integrity,Camera,"LISACNN: targetedattack successrate von 73,33% GTSRBCNN: targetedattack successrate von 80% Inceptionv3: targetattack successrate von 90% und 71,4%",
ATD-338,384.0,504,,ID2017_Eykholt_SSA3#,ID2017_Eykholt_SSA3,Triggering misclassification on a deep neural network by generation of physical pertubations,Robust PhysicalWorld Attacks on Deep Learning Models Eykholt,2017.0,,Yes,,Yes,Not Systemic,CWE-707,CVSS:3.0/AV:N/AC:H/PR:N/UI:N/S:C/C:N/I:H/A:N,6.8,2.2211673,3.992805377514,N,,,,,AAD,,Environment Attack,Real Attack,Integrity,Camera,"LISACNN: targetedattack successrate von 73,33% GTSRBCNN: targetedattack successrate von 80% Inceptionv3: targetattack successrate von 90% und 71,4%",
ATD-339,385.0,"441, 442, 443",CVE-2018-9322,"ID2017_KeenLab_MSA1_Step1, ID2017_KeenLab_MSA1_Step2_1, ID2017_KeenLab_MSA1_Step3_2#",ID2017_KeenLab_MSA1,Monitoring Data Traffic# Reverse Engineering Diagnostic Protocols# Getting root privileges and execution of shell by exploiting vulnerability in diagnostic protocol,Experimental Security Assessment of BMW Cars. A summary report KeenLab,2017.0,,Yes,,Yes,Not Systemic,"CWE-693, CWE-284",CVSS:3.0/AV:L/AC:H/PR:L/UI:N/S:U/C:H/I:H/A:H,7.0,1.04832948,5.87311872,L,,,,,Common,,Diagnostic Attack,Real Attack,"Confidentiality, Authorization",OBD,Information Gain of Data Flow in the internal Ethernet network# Information Gain on used Diganostic Protocols# Execution of Root Shell on the huintel,"Component 1: Electronic Control Unit (ECU) Infotainment ECU NBT Head Unit (huintel syste, hujacinto system): huintel (QNX system, Intel x86, for Multimedia Service and BMW Connected Drive) hujacinto (QNX system, Jacinto ARM chip, for Power Management and CANCommunication)  Component 2: Electronic Control Unit (ECU) Telematics ECU Telematic Communication Box (TCB) MPU: Qualcomm MDM6200 baseband processor with an AMSS RTOS (REX OS), EmbeddedSIM card. MCU: CAN controller based on Freescale 9S12X"
ATD-340,386.0,"444, 445, 446","CVE-2018-9312, CVE-2018-9320","ID2017_KeenLab_MSA2_Step1, ID2017_KeenLab_MSA2_Step2_1, ID2017_KeenLab_MSA2_Step3_2#",ID2017_KeenLab_MSA2,Portscan of Services in Head Unit# Getting root privilege by connecting malicious USB stick# Executing a root shell.,Experimental Security Assessment of BMW Cars. A summary report KeenLab,2017.0,Yes,Yes,Yes,Yes,Not Systemic,"CWE-664, CWE-284",CVSS:3.0/AV:P/AC:H/PR:N/UI:N/S:U/C:N/I:H/A:H,5.7,0.5226276,5.177088,P,,,,,Common,"CVE-2018-9322 CVE-2018-9320, CVE-2018-9322 CVE-2018-9312","Software Attack, Hardware Attack",Real Attack,"Confidentiality, Authorization",USB,Critical Security Information could be read# Acquired Root privileges in the Head Unit,"Component 1: Electronic Control Unit (ECU) Infotainment ECU NBT Head Unit (huintel syste, hujacinto system): huintel (QNX system, Intel x86, for Multimedia Service and BMW Connected Drive) hujacinto (QNX system, Jacinto ARM chip, for Power Management and CANCommunication)  Component 2: Electronic Control Unit (ECU) Telematics ECU Telematic Communication Box (TCB) MPU: Qualcomm MDM6200 baseband processor with an AMSS RTOS (REX OS), EmbeddedSIM card. MCU: CAN controller based on Freescale 9S12X"
ATD-341,387.0,"447, 448, 449",CVE-2018-9313,"ID2017_KeenLab_MSA3_Step1, ID2017_KeenLab_MSA3_Step2_1, ID2017_KeenLab_MSA3_Step3_2#",ID2017_KeenLab_MSA3,Reverse Engineering Bluetooth Stack# Fuzzing Bluetooth messages# Reboot of Head Unit by setting it in pairing mode and utilizing the stack crash (without PIN).,Experimental Security Assessment of BMW Cars. A summary report KeenLab,2017.0,,,,Yes,Not Systemic,"CWE-710, CWE-707, CWE-693",CVSS:3.0/AV:A/AC:H/PR:N/UI:N/S:U/C:N/I:H/A:H,6.8,1.62014555999999,5.177088,A,,,,,Common,,"Software Attack, Wireless Attack",Real Attack,"Confidentiality, Integrity",Bluetooth,Information Gain of Bluetooth Stack Implementation# Head unit reboots.,"Component 1: Electronic Control Unit (ECU) Infotainment ECU NBT Head Unit (huintel syste, hujacinto system): huintel (QNX system, Intel x86, for Multimedia Service and BMW Connected Drive) hujacinto (QNX system, Jacinto ARM chip, for Power Management and CANCommunication)  Component 2: Electronic Control Unit (ECU) Telematics ECU Telematic Communication Box (TCB) MPU: Qualcomm MDM6200 baseband processor with an AMSS RTOS (REX OS), EmbeddedSIM card. MCU: CAN controller based on Freescale 9S12X"
ATD-342,388.0,"450, 451, 452",,"ID2017_KeenLab_MSA4_Step1, ID2017_KeenLab_MSA4_Step2_1, ID2017_KeenLab_MSA4_Step3_2#",ID2017_KeenLab_MSA4,Monitoring GSM traffic# Exploting Browser Vulnerability# Remote Code Execution in the browser of the head unit by exploiting memory bug,Experimental Security Assessment of BMW Cars. A summary report KeenLab,2017.0,,Yes,,,Not Systemic,"CWE-693, CWE-284, CWE-664",CVSS:3.0/AV:N/AC:H/PR:N/UI:N/S:U/C:H/I:H/A:N,7.4,2.2211673,5.177088,N,,,,,AAD,,"Wireless Attack, Software Attack",Real Attack,"Confidentiality, Authorization",Cellular GSM,Identified browser vulnerability# Browser privileges# Remote Code Execution with root privileges,"Component 1: Electronic Control Unit (ECU) Infotainment ECU NBT Head Unit (huintel syste, hujacinto system): huintel (QNX system, Intel x86, for Multimedia Service and BMW Connected Drive) hujacinto (QNX system, Jacinto ARM chip, for Power Management and CANCommunication)  Component 2: Electronic Control Unit (ECU) Telematics ECU Telematic Communication Box (TCB) MPU: Qualcomm MDM6200 baseband processor with an AMSS RTOS (REX OS), EmbeddedSIM card. MCU: CAN controller based on Freescale 9S12X"
ATD-343,389.0,"455, 456, 457, 458, 459, 460","CVE-2018-9311, CVE-2018-9318","ID2017_KeenLab_MSA5_Step1, ID2017_KeenLab_MSA5_Step2_1, ID2017_KeenLab_MSA5_Step3_2, ID2017_KeenLab_MSA5_Step4_2, ID2017_KeenLab_MSA5_Step5_4_3, ID2017_KeenLab_MSA5_Step6_5#",ID2017_KeenLab_MSA5,Firmware Extraction of the Telematics ECU# Reverse Engineering Firmware# Forcing GSM communication with Vehicle# Sending malicious messages via GSM# Bypassing the signature of the telematics firmware and sending CAN messages by reverse engieering the telematics firmware# Activation of different diagnostic services by getting remote control of the telematics,Experimental Security Assessment of BMW Cars. A summary report KeenLab,2017.0,,Yes,,,Not Systemic,"CWE-664, CWE-710, CWE-693, CWE-284",CVSS:3.0/AV:P/AC:H/PR:N/UI:N/S:U/C:H/I:H/A:H,6.4,0.5226276,5.87311872,P,,,,,Common,,"Software Attack, Wireless Attack, Diagnostic Attack",Real Attack,"Confidentiality, Availability, Authentication","Cellular GSM, CANBus","Obtainment of Firmware# NGTP could be completely reverse engineered.# TSP signal could be suppressed.# Injected code on ECU allows sending of any CAN message on the network# Remote code execution control over ECUs of buses like PTCAN, KCAN, ...# Activation of different diagnostic services","Component 1: Electronic Control Unit (ECU) Infotainment ECU NBT Head Unit (huintel syste, hujacinto system): huintel (QNX system, Intel x86, for Multimedia Service and BMW Connected Drive) hujacinto (QNX system, Jacinto ARM chip, for Power Management and CANCommunication)  Component 2: Electronic Control Unit (ECU) Telematics ECU Telematic Communication Box (TCB) MPU: Qualcomm MDM6200 baseband processor with an AMSS RTOS (REX OS), EmbeddedSIM card. MCU: CAN controller based on Freescale 9S12X"
ATD-344,390.0,453,CVE-2018-9314,ID2017_KeenLab_SSA1#,ID2017_KeenLab_SSA1,Compromising the head unit by spoofing of diagnostic CAN messages,Experimental Security Assessment of BMW Cars. A summary report KeenLab,2017.0,,,,Yes,Not Systemic,CWE-693,CVSS:3.0/AV:P/AC:L/PR:N/UI:N/S:U/C:H/I:H/A:H,6.8,0.9145983,5.87311872,P,,,,,Common,,Diagnostic Attack,Real Attack,Authentication,CANBus,Compromise the head unit via remote. Sending diagnostic messages to the CAN.,"Component 1: Electronic Control Unit (ECU) Infotainment ECU NBT Head Unit (huintel syste, hujacinto system): huintel (QNX system, Intel x86, for Multimedia Service and BMW Connected Drive) hujacinto (QNX system, Jacinto ARM chip, for Power Management and CANCommunication)  Component 2: Electronic Control Unit (ECU) Telematics ECU Telematic Communication Box (TCB) MPU: Qualcomm MDM6200 baseband processor with an AMSS RTOS (REX OS), EmbeddedSIM card. MCU: CAN controller based on Freescale 9S12X"
ATD-345,391.0,454,CVE-2018-9314,ID2017_KeenLab_SSA2#,ID2017_KeenLab_SSA2,Compromising the head unit by spoofing of diagnostic CAN messages,Experimental Security Assessment of BMW Cars. A summary report KeenLab,2017.0,,,,Yes,Not Systemic,CWE-693,CVSS:3.0/AV:P/AC:L/PR:N/UI:N/S:U/C:H/I:H/A:H,6.8,0.9145983,5.87311872,P,,,,,Common,,Diagnostic Attack,Real Attack,Authentication,CANBus,Compromise the head unit via remote. Sending diagnostic messages to the CAN.,"Component 1: Electronic Control Unit (ECU) Infotainment ECU NBT Head Unit (huintel syste, hujacinto system): huintel (QNX system, Intel x86, for Multimedia Service and BMW Connected Drive) hujacinto (QNX system, Jacinto ARM chip, for Power Management and CANCommunication)  Component 2: Electronic Control Unit (ECU) Telematics ECU Telematic Communication Box (TCB) MPU: Qualcomm MDM6200 baseband processor with an AMSS RTOS (REX OS), EmbeddedSIM card. MCU: CAN controller based on Freescale 9S12X"
ATD-346,392.0,497,,ID2017_Lu_SSA1#,ID2017_Lu_SSA1,Misleading detector by using adversarial examples,Adversarial Examples that Fool Detectors Lu,2017.0,,Yes,,,Not Systemic,CWE-707,CVSS:3.0/AV:N/AC:H/PR:N/UI:N/S:C/C:N/I:H/A:N,6.8,2.2211673,3.992805377514,N,,,,,AAD,,Environment Attack,Real Attack,Integrity,Camera,Small pertubations could mislead the Detector. Successful attacks on Faster RCNN (can be generalized to YOLO 9000) Successful attacks with large pertubations (can be transferred to the real world) Simple defense mechanisms cannot detect adversarial attacks,Component 1: Sensor Camera  Panasonic HCV700M HD Camera  Component 2: Sensor Camera  Sony a7 Camera
ATD-347,393.0,581,,ID2017_Saltzman_SSA1#,ID2017_Saltzman_SSA1,Relay attack on keyless entry system of several vehicles,Action News Investigation: Key fob hacking Saltzman   https://6abc.com/cartheftautokeyfob/2676389/,2017.0,,Yes,,,Not Systemic,CWE-693,CVSS:3.0/AV:N/AC:L/PR:N/UI:N/S:U/C:N/I:H/A:N,7.5,3.887042775,3.5952,N,,,,,AAD,,Wireless Attack,Real Attack,Authentication,RFID Keyless Access System,Vehicle was stolen,Electronic Control Unit (ECU) Car Access ECU Keyless Access System
ATD-348,394.0,580,,ID2017_Smith_SSA1#,ID2017_Smith_SSA1,Relay attack on keyless entry system of a BMW,"WATCH: Car thieves steal Â£50,000 BMW in seconds  is your car at risk too Smith   https://www.express.co.uk/lifestyle/cars/866987/carthefthackkeylessentryvideoBMWstolen",2017.0,,Yes,,,Not Systemic,CWE-693,CVSS:3.0/AV:N/AC:L/PR:N/UI:N/S:U/C:N/I:H/A:N,7.5,3.887042775,3.5952,N,,,,,AAD,,Wireless Attack,Real Attack,Authentication,RFID Keyless Access System,Vehicle was stolen,Electronic Control Unit (ECU) Car Access ECU Keyless Access System
ATD-349,395.0,509,,ID2017_Xie_SSA1#,ID2017_Xie_SSA1,Adversarial Examples with Dense Adversary Generation (DAG) Algorithm  to attack semantic segmentation and object detection,Adversarial Examples for Semantic Segmentation and Object Detection Xie,2017.0,,Yes,,,Not Systemic,CWE-707,CVSS:3.0/AV:L/AC:H/PR:N/UI:N/S:U/C:N/I:H/A:N,5.1,1.4372259,3.5952,L,,,,,AAD,,Artificial Intelligence Attack,Real Attack,Integrity,Software,CrossTraining Transfer: Significant performance loss of up to 40%.,
ATD-350,396.0,510,,ID2017_Xie_SSA2#,ID2017_Xie_SSA2,Adversarial Examples with Dense Adversary Generation (DAG) Algorithm  to attack semantic segmentation and object detection,Adversarial Examples for Semantic Segmentation and Object Detection Xie,2017.0,,,,Yes,Not Systemic,CWE-707,CVSS:3.0/AV:L/AC:H/PR:N/UI:N/S:U/C:N/I:H/A:N,5.1,1.4372259,3.5952,L,,,,,AAD,,Artificial Intelligence Attack,Real Attack,Integrity,Software,CrossNetwork Transfer: Performance drops in the 2 % range,
ATD-351,397.0,511,,ID2017_Xie_SSA3#,ID2017_Xie_SSA3,Adversarial Examples with Dense Adversary Generation (DAG) Algorithm  to attack semantic segmentation and object detection,Adversarial Examples for Semantic Segmentation and Object Detection Xie,2017.0,Yes,,Yes,,Not Systemic,CWE-707,CVSS:3.0/AV:L/AC:H/PR:N/UI:N/S:U/C:N/I:H/A:N,5.1,1.4372259,3.5952,L,,,,,AAD,,Artificial Intelligence Attack,Real Attack,Integrity,Software,Crosstask transfer: Performance drops by approx. 11%,
ATD-352,398.0,512,,ID2017_Xie_SSA4#,ID2017_Xie_SSA4,Adversarial Examples with Dense Adversary Generation (DAG) Algorithm  to attack semantic segmentation and object detection,Adversarial Examples for Semantic Segmentation and Object Detection Xie,2017.0,,Yes,,,Not Systemic,CWE-707,CVSS:3.0/AV:L/AC:H/PR:N/UI:N/S:U/C:N/I:H/A:N,5.1,1.4372259,3.5952,L,,,,,AAD,,Artificial Intelligence Attack,Real Attack,Integrity,Software,Combination of heterogeneous pertubations: Different but statistically significant loss of performance,
ATD-353,399.0,513,,ID2017_Xie_SSA5#,ID2017_Xie_SSA5,Adversarial Examples with Dense Adversary Generation (DAG) Algorithm  to attack semantic segmentation and object detection,Adversarial Examples for Semantic Segmentation and Object Detection Xie,2017.0,,,Yes,,Not Systemic,CWE-707,CVSS:3.0/AV:L/AC:H/PR:N/UI:N/S:U/C:N/I:H/A:N,5.1,1.4372259,3.5952,L,,,,,AAD,,Artificial Intelligence Attack,Real Attack,Integrity,Software,Black box attack: Performance drops by 15%,
ATD-354,400.0,465,,ID2018_ADAC_SSA1#,ID2018_ADAC_SSA1,Relay attack on keyless entry system of several vehicles,"ADAC, Autos und MotorrÃ¤der mit KeylessSchlieÃŸsystem, die der ADAC illegal Ã¶ffnen und wegfahren konnte. Stand: 27.04.2018 ADAC",2018.0,,Yes,,Yes,Not Systemic,CWE-693,CVSS:3.0/AV:N/AC:L/PR:N/UI:N/S:U/C:N/I:H/A:N,7.5,3.887042775,3.5952,N,,,,,AAD,,Wireless Attack,Real Attack,Authentication,RFID,Unlocking vehicles and starting the engine,Actuator Key Transponder
ATD-355,401.0,797,,ID2018_Armstrong_SSA1#,ID2018_Armstrong_SSA1,Relay attack on keyless entry system of 45 Ford Fiestas,Major security warning for Ford Fiesta owners as Britain's most popular car at risk of keyless entry hack Armstrong    https://www.mirror.co.uk/news/uknews/majorsecuritywarningfordfiesta12260763,2018.0,,,Yes,,Not Systemic,CWE-693,CVSS:3.0/AV:N/AC:L/PR:N/UI:N/S:U/C:N/I:H/A:N,7.5,3.887042775,3.5952,N,,,,,AAD,,Wireless Attack,Real Attack,Authentication,RFID,Cars have been stolen,Electronic Control Unit (ECU) Car Access ECU
ATD-356,402.0,666,,ID2018_BBC_SSA1#,ID2018_BBC_SSA1,Relay attack on keyless entry system of a Ford Mustang,"Thieves steal Â£40,000 Ford Mustang from Southend driveway BBC   https://www.bbc.com/news/av/ukenglandessex45828500",2018.0,Yes,,Yes,,Potentially Systemic,CWE-693,CVSS:3.0/AV:N/AC:L/PR:N/UI:N/S:U/C:N/I:H/A:N,7.5,3.887042775,3.5952,N,,,,,AAD,,Wireless Attack,Real Attack,Authentication,RFID,car theft,Electronic Control Unit (ECU) Car Access ECU
ATD-357,403.0,"795, 796",,"ID2018_Berta_MSA1_Step1, ID2018_Berta_MSA1_Step2_1#",ID2018_Berta_MSA1,"SMS messages sent to an OBD device transmit malicious CAN commands to the vehicle. Thus, several car components can be controlled",In Through The Out Door: Backdooring & Remotely Controlling Cars With The Bicho Berta    https://conference.hitb.org/hitbsecconf2018ams/sessions/inthroughtheoutdoorbackdooringcarswiththebicho/#,2018.0,,,,Yes,Not Systemic,CWE-284,CVSS:3.0/AV:A/AC:L/PR:L/UI:N/S:U/C:N/I:H/A:N,5.7,2.068068156,3.5952,A,,,,,AAD,,"Hardware Attack, Wireless Attack",Real Attack,"Integrity, Authentication","OBD using the OBD port to gain access to the CANbus, Cellular",CANBus commands can be sent to the vehicle network via installed cellular device by sending SMS# Safetycritical functions can be controlled remotely,
ATD-358,404.0,672,,ID2018_BoltonNews_SSA1#,ID2018_BoltonNews_SSA1,Relay attack on keyless entry system of several vehicles,Keyless car thefts spike in Heaton BoltonNews   https://www.theboltonnews.co.uk/news/17213893.keylesscartheftsspikeheaton/,2018.0,,,,Yes,Not Systemic,CWE-693,CVSS:3.0/AV:N/AC:L/PR:N/UI:N/S:U/C:N/I:H/A:N,7.5,3.887042775,3.5952,N,,,,,AAD,,Wireless Attack,Real Attack,Authentication,RFID,car theft,Electronic Control Unit (ECU) Car Access ECU
ATD-359,405.0,803,,ID2018_Brandt_SSA1#,ID2018_Brandt_SSA1,Relay attack on keyless entry system of a Chevy Suburban,Experts say car key fob hacks could become the latest theft tool for cybersavvy car thieves Brandt    https://abcnews.go.com/Politics/expertscarkeyfobhackslatestthefttool/story?id=56487440,2018.0,,Yes,,,Not Systemic,CWE-693,CVSS:3.0/AV:N/AC:L/PR:N/UI:N/S:U/C:N/I:H/A:N,7.5,3.887042775,3.5952,N,,,,,AAD,,Wireless Attack,Real Attack,Authentication,RFID Car Acess System,Car has been stolen,Electronic Control Unit (ECU) Car Access ECU
ATD-360,406.0,804,,ID2018_CBS_SSA1#,ID2018_CBS_SSA1,Relay attack on keyless entry system of a vehicle,Experts Warn Keyless Locks Now Simple For Criminals To Hack CBS    https://www.cbsnews.com/newyork/news/expertswarnkeylesslocksnowsimpleforcriminalstohack/,2018.0,,,,Yes,Not Systemic,CWE-693,CVSS:3.0/AV:N/AC:L/PR:N/UI:N/S:U/C:N/I:H/A:N,7.5,3.887042775,3.5952,N,,,,,AAD,,Wireless Attack,Real Attack,Authentication,RFID Car Acess System,Car has been stolen,Electronic Control Unit (ECU) Car Access ECU
ATD-361,407.0,559,,ID2018_Cespedes_SSA1#,ID2018_Cespedes_SSA1,"Controlling functions like the brakes, acceleration, windshield wipers, etc.by adding a custom ECU which sends malicious messages to other ECUs","How I Hacked My Connected Car, and Other Thoughts on Vehicle Cybersecurity Cespedes   https://securityintelligence.com/howihackedmyconnectedvehicleandotherthoughtsonvehiclecybersecurity/",2018.0,Yes,Yes,Yes,,Potentially Systemic,CWE-284,CVSS:3.0/AV:A/AC:L/PR:N/UI:N/S:U/C:N/I:H/A:N,6.5,2.83525473,3.5952,A,,,,,AAD,,Hardware Attack,Real Attack,Integrity,ECU,"Custom ECU recognized as valid network participant.  This could lead to safteycritical attacks, since the custom ECU can be modified to send malicious messages to the vehicle network, for example, to control the brakes, acceleration, windshield wipers, etc.",Component 1: Electronic Control Unit (ECU) ESP ECU Electronic brake control module (EBCM)  Component 2: Sensor Steering Angle Sensor
ATD-362,408.0,802,,ID2018_Cheromcha_SSA1#,ID2018_Cheromcha_SSA1,Relay attack on keyless entry system of a Mercedes-Benz C-Class,Thieves Steal MercedesBenz By Hacking the Keyless Entry in 23 Seconds Cheromcha    https://www.thedrive.com/news/21003/thievesstealmercedesbenzbyhackingthekeylessentryin23seconds,2018.0,,Yes,,Yes,Not Systemic,CWE-693,CVSS:3.0/AV:N/AC:L/PR:N/UI:N/S:U/C:N/I:H/A:N,7.5,3.887042775,3.5952,N,,,,,AAD,,Wireless Attack,Real Attack,Authentication,RFID Car Acess System,Car has been stolen,Electronic Control Unit (ECU) Car Access ECU
ATD-363,409.0,811,,ID2018_Cheromcha_SSA2#,ID2018_Cheromcha_SSA2,Relay attack on keyless entry system of three Lexus vehicles,Thieves Steal Same Couple's Lexus Three Times Using the Keyless Entry Hack Cheromcha    https://www.thedrive.com/news/22784/thievesstealsamecoupleslexusthreetimesusingthekeylessentryhack,2018.0,,,Yes,,Not Systemic,CWE-693,CVSS:3.0/AV:N/AC:L/PR:N/UI:N/S:U/C:N/I:H/A:N,7.5,3.887042775,3.5952,N,,,,,AAD,,Wireless Attack,Real Attack,Authentication,RFID Car Acess System,Car has been stolen,Electronic Control Unit (ECU) Car Access ECU
ATD-364,410.0,"818, 819",,"ID2018_Childers_MSA1_Step1, ID2018_Childers_MSA1_Step2_1#",ID2018_Childers_MSA1,Vehicle theft by using RollJam device to spoof the key fob,Investigators warn of keyless cars being broken into due to key fob hacking Childers   https://abc13.com/keylesscarshackkeyfobthieves/3785008/,2018.0,,,Yes,,Not Systemic,"CWE-693, CWE-284",CVSS:3.0/AV:N/AC:L/PR:N/UI:R/S:U/C:N/I:H/A:H,8.1,2.83525473,5.177088,N,,,,,AAD,,Wireless Attack,Real Attack,"Availability, Authentication",RFID,"Car can not be opened by user. User presses button a second time. Both signals are intercepted by the attacker. The first signal is forwarded to the vehicle, which unlocks. The attacker now has the second signal whioch can be used to open the car, since that signal is still valid# Car was unlocked",Electronic Control Unit (ECU) Car Access ECU
ATD-365,411.0,"475, 476, 477, 478, 479, 480",,"ID2018_Computertest_MSA1_Step1, ID2018_Computertest_MSA1_Step2_1, ID2018_Computertest_MSA1_Step3_2, ID2018_Computertest_MSA1_Step4_3, ID2018_Computertest_MSA1_Step5_4, ID2018_Computertest_MSA1_Step6_5#",ID2018_Computertest_MSA1,Portscan Infotainment# Brute force on Password key space# Accessing Radio and car control unit from Infotainment# Accessing chip for CAN communication# Flashing malicious Update# Remote code execution by sending malicious CAN messages,The Connected Car  Ways to get unauthorized access and potential implications Computertest,2018.0,,,,Yes,Not Systemic,"CWE-664, CWE-284, CWE-693",CVSS:3.0/AV:P/AC:H/PR:N/UI:N/S:U/C:H/I:H/A:N,5.7,0.5226276,5.177088,P,,,,,AAD,,"Software Attack, Cryptographic Attack, Wireless Attack",Real Attack,"Confidentiality, Authentication, Integrity","WLAN, Ethernet, Serial Bus, Software, CANBus","Reading of various files possible with extension for remote code execution via Internet on the MMX. This allows a control of the RCC.# Password extraction via brute force possible# Access to RCC# Access to V850# Software update function available. Firmware is signed with RSA, but not encrypted. If you get a firmware, it can be compromised and loaded on the Renesas V850.# Sending malicious CAN messages possible",Component 1: Electronic Control Unit (ECU) Infotainment ECU Modular Infotainment Platform (MIB) Port 49152: UPnP service (PlutinoSoft Platinum UPnP). MMX (Multimedia Application Unit): ARMv7a Architektur und QNX OS version 6.5.0. Responsible for WiFiHotspotFunktion. RCC (Radio and car control unit): telnet service. Connected to MMX via Ethernet. Separate serial Connection to Chip (Renesas V850) that executes CAN communication.   Component 2: Electronic Control Unit (ECU) Central Gateway CAN Communication to Renesas V850. Connected to all busses
ATD-366,412.0,525,,ID2018_Costantino_SSA1#,ID2018_Costantino_SSA1,Obtainment of private data and vehicle data by eavesdropping via malicious app which is distributed by social engineering,CANDY: A Social Engineering Attack to Leak Information from Infotainment System Costantino,2018.0,,Yes,,,Not Systemic,CWE-693,CVSS:3.0/AV:A/AC:L/PR:N/UI:N/S:U/C:N/I:H/A:N,6.5,2.83525473,3.5952,A,,,,,AAD,,Software Attack,Real Attack,Confidentiality,Cellular 3G,"Backdoor (Remote Shell) is opened. Infotainment Microphone is activated to record conversations. Remote shell is opened. Retrieving recordings, GPS coordinates, images. Drivers private data can be obtained.",Electronic Control Unit (ECU) Infotainment ECU Android Infotainment Radio  Radio with Android 4.4 KitKat.
ATD-367,413.0,"667, 820",,"ID2018_Dent_MSA1_Step2_1#, ID2018_Dent_MSA1_Step1",ID2018_Dent_MSA1,Vehicle theft of Tesla vehicle by capture-replay attack on key fob signals# Vehicle theft of a Tesla  by capture-replay attack of valid key fob signals,Thieves steal a Tesla Model S by hacking the entry fob Dent   https://www.engadget.com/20181022teslamodelstheftkeyfobhack.html,2018.0,,,Yes,,Not Systemic,"CWE-284, CWE-693",CVSS:3.0/AV:N/AC:L/PR:N/UI:N/S:U/C:N/I:H/A:N,7.5,3.887042775,3.5952,N,,,,,AAD,,Wireless Attack,Real Attack,"Authentication, Confidentiality",RFID,unauthorized car access# Acquiring key fob data to open the car,Electronic Control Unit (ECU) Car Access ECU
ATD-368,414.0,"438, 439, 440",CVE-2017-14937,"ID2018_DÃ¼rrwang_MSA1_Step1, ID2018_DÃ¼rrwang_MSA1_Step2_1, ID2018_DÃ¼rrwang_MSA1_Step3_2#",ID2018_DÃ¼rrwang_MSA1,Information gathering on the basis of the results of a threat analysis# Brute Forcing Security Access# Executing airbag detonation by exploit a vulnerability of the end-of-life ISO standard,Enhancement of Automotive Penetration Testing with Threat Analyses Results DÃ¼rrwang,2018.0,,Yes,Yes,,Not Systemic,"CWE-710, CWE-284, CWE-693",CVSS:3.0/AV:P/AC:H/PR:L/UI:N/S:U/C:H/I:H/A:N,5.6,0.38121072,5.177088,P,,,,,Common,,"Software Attack, Cryptographic Attack, Bus Attack",Real Attack,"Confidentiality, Authentication","Software Text document, ECU",Obtaining the Security Access Algorithm# Established Security Access# AirbagDetonation,Electronic Control Unit (ECU) Airbag ECU
ATD-369,415.0,660,,ID2018_FleetNews_SSA1#,ID2018_FleetNews_SSA1,Accident replacement hire cars Mercedes S-Class and Range Rover Evoque were stolen by using fake identitied from the dark web,Dark web identity theft used to steal accident replacement hire cars FleetNews   https://www.fleetnews.co.uk/news/carindustrynews/2018/09/06/darkwebidentitytheftusedtostealaccidentreplacementhirecars?utm_source=Adestra&utm_term=&utm_content=Dark+web+identity+theft+used,2018.0,Yes,Yes,Yes,,Not Systemic,CWE-693,CVSS:3.0/AV:L/AC:L/PR:N/UI:N/S:U/C:L/I:H/A:N,6.8,2.515145325,4.216656,L,,,,,AAD,,Hardware Attack,Real Attack,Availability,Software,"Car theft/breakins, Fraud",
ATD-370,416.0,668,,ID2018_Fox_SSA1#,ID2018_Fox_SSA1,Relay attack on keyless entry system of several vehicles,Thieves hacked into key fobs to break into cars in Kansas City Fox   https://fox4kc.com/news/metrovictimwarnsthievescouldbehackingintokeyfobstobreakintocars/,2018.0,,Yes,,,Not Systemic,CWE-693,CVSS:3.0/AV:N/AC:L/PR:N/UI:N/S:U/C:N/I:H/A:N,7.5,3.887042775,3.5952,N,,,,,AAD,,Wireless Attack,Real Attack,Authentication,RFID,unauthorized car access,Electronic Control Unit (ECU) Car Access ECU
ATD-371,417.0,"551, 552, 553, 554, 555",CVE-2018-18203,"ID2018_Gayou_MSA1_Step1, ID2018_Gayou_MSA1_Step2_1, ID2018_Gayou_MSA1_Step3_2, ID2018_Gayou_MSA1_Step4_3, ID2018_Gayou_MSA1_Step5_4#",ID2018_Gayou_MSA1,Getting full control (root) on StarLink Head Unit by flashing malicious firmware update via USB port connection. This results in code execution with root privileges.,Jailbreaking Subaru StarLink Gayou   https://github.com/sgayou/subaru_starlink_research/blob/master/doc/README.md#conclusion,2018.0,,,Yes,,Not Systemic,"CWE-693, CWE-710, CWE-284",CVSS:3.0/AV:P/AC:H/PR:N/UI:N/S:U/C:H/I:H/A:H,6.4,0.5226276,5.87311872,P,,,,,AAD,,"Hardware Attack, Software Attack, Cryptographic Attack",Real Attack,"Confidentiality, Integrity","ECU Head Unit, Software Head Unit firmware, USB Head Unit USB port","Information about hardware, its connectors, platine, processor, ports could be gathered# Information firmware files, update process, locations could be gathered# Enrcryption algorithm and secret keys could be gathered# Malicious firmware file could be created# Malicious firmware update on Head Unit","Electronic Control Unit (ECU) Infotainment ECU StarLink Head Unit (Harman),  proprietary nonAndroid operating system (QNX 6.60), USBPort, WiFi, Bluetooth, FM"
ATD-372,418.0,"526, 527, 528",,"ID2018_Greenberg_MSA1_Step1, ID2018_Greenberg_MSA1_Step2_1, ID2018_Greenberg_MSA1_Step3_2#",ID2018_Greenberg_MSA1,Stealing the car by overcoming the weak key fob encryption,Hackers Can Steal a Tesla Model S in Seconds by Cloning Its Key Fob Greenberg,2018.0,Yes,,Yes,,Potentially Systemic,"CWE-693, CWE-284",CVSS:3.0/AV:N/AC:L/PR:N/UI:N/S:U/C:H/I:H/A:N,9.1,3.887042775,5.177088,N,,,,,AAD,,"Wireless Attack, Cryptographic Attack",Real Attack,"Confidentiality, Authentication",RFID,Radio ID of locking system and response codes are obtained# Table of challengeresponse codes with the relating secret key.# Opening the doors. Starting the Engine.,Component 1: Actuator Key Transponder Pektron Key Fob System  Component 2: Electronic Control Unit (ECU) Radio ECU
ATD-373,419.0,791,,ID2018_ITV_SSA1#,ID2018_ITV_SSA1,Relay attack on keyless entry system of a Lexus RX,Police warn car owners after thieves hack entry fobs to steal vehicles ITV    https://www.itv.com/news/anglia/20180216/policewarncarownersafterthieveshackentryfobstostealvehicles,2018.0,,,Yes,Yes,Not Systemic,CWE-693,CVSS:3.0/AV:N/AC:L/PR:N/UI:N/S:U/C:N/I:H/A:N,7.5,3.887042775,3.5952,N,,,,,AAD,,Wireless Attack,Real Attack,Authentication,RFID Car Acess System,Car has been stolen.,Electronic Control Unit (ECU) Car Access ECU
ATD-374,420.0,"655, 656",,"ID2018_Ibrahim_MSA1_Step1, ID2018_Ibrahim_MSA1_Step2_1#",ID2018_Ibrahim_MSA1,Bypassing keyless entry system by jamming and replaying key fob signals,"Key is in the Air: Hacking Remote Keyless Entry Systems Ibrahim https://doi.org/10.1007/9783030168742_9 9783030168735  Security and Safety Interplay of Intelligent Software Systems. CSITS 2018, ISSA 2018. Lecture Notes in Computer Science, vol 11552. Springer, Cham",2018.0,Yes,Yes,Yes,Yes,Potentially Systemic,"CWE-693, CWE-284",CVSS:3.0/AV:N/AC:L/PR:N/UI:R/S:U/C:N/I:H/A:H,8.1,2.83525473,5.177088,N,,,,,AAD,,Wireless Attack,Real Attack,"Availability, Authentication",RFID,"Read key fob info, car theft/breakins# Car theft/breakins",Electronic Control Unit (ECU) Car Access ECU
ATD-375,421.0,556,,ID2018_Ibrahim_SSA1#,ID2018_Ibrahim_SSA1,Relay attack on keyless entry system of a Volvo XC90,City worker loses Â£72k Volvo to hackers using scanning device twice in a year Ibrahim   https://www.standard.co.uk/news/crime/cityworkerlosesps72kvolvotohackersusingscanningdevicetwiceinayeara4003336.html,2018.0,,,Yes,,Not Systemic,CWE-693,CVSS:3.0/AV:N/AC:L/PR:N/UI:N/S:U/C:N/I:H/A:N,7.5,3.887042775,3.5952,N,,,,,AAD,,Wireless Attack,Real Attack,Authentication,RFID Keyless Entry,Car was stolen,Electronic Control Unit (ECU) Car Access ECU Keyless Entry System
ATD-376,422.0,"807, 808, 809",,"ID2018_Innovator_MSA1_Step1, ID2018_Innovator_MSA1_Step2_1, ID2018_Innovator_MSA1_Step3_2#",ID2018_Innovator_MSA1,USB Malware attack enables attackers to extract private data from the Infotainment system,Zingbox identifies cybersecurity threat for cars and drivers; reveals SMScommanded malware infection to car â€˜infotainmentâ€™ system Innovator    https://www.iotinnovator.com/zingboxidentifiescybersecuritythreatforcarsanddriversrevealssmscommandedmalwareinfectiontocarinfotainmentsystem/,2018.0,,,,Yes,Not Systemic,"CWE-710, CWE-707, CWE-284",CVSS:3.0/AV:L/AC:H/PR:L/UI:R/S:U/C:H/I:H/A:N,6.0,0.764663856,5.177088,L,,,,,AAD,,"Software Attack, Bus Attack",Real Attack,"Confidentiality, Integrity","Software, USB, Cellular","Acquiring information about Infotainment functions# When a phone is connected to the infotainment system, the virus can read the phone's SMS# When a phone is connected to the infotainment system, the virus can read the phone's SMS and other private data",Electronic Control Unit (ECU) Infotainment ECU
ATD-377,423.0,"514, 515, 516, 517, 518, 519","CVE-2017-9983, CVE-2017-6261","ID2018_KeenLab_MSA1_Step1, ID2018_KeenLab_MSA1_Step2_1, ID2018_KeenLab_MSA1_Step3_2, ID2018_KeenLab_MSA1_Step4_3, ID2018_KeenLab_MSA1_Step5_4, ID2018_KeenLab_MSA1_Step6_5#",ID2018_KeenLab_MSA1,Remote attack on the Tesla Autopilot,"OverTheAir: How we Remotely Compromised the Gateway, BCM, and Autopilot ECUs of Tesla Cars KeenLab   https://i.blackhat.com/us18/ThuAugust9/us18LiuOverTheAirHowWeRemotelyCompromisedTheGatewayBcmAndAutopilotEcusOfTeslaCars.pdf",2018.0,Yes,,Yes,,Not Systemic,"CWE-284, CWE-664, CWE-707, CWE-693",CVSS:3.0/AV:L/AC:H/PR:N/UI:R/S:C/C:L/I:H/A:N,6.3,1.04832948,4.71732410701147,L,,,,,Common,,"Wireless Attack, Software Attack",Real Attack,"Authentication, Integrity, Authorization","Cellular 3G, or Wifi, Software","Communication with Gateway# Writting arbitrary data to specific to memory adress and implementing a shell# Flashing Firmware# Write arbitray data to arbitrary address. Controll of CID# Perform fake handshake and install commands.# With command ""m3factorydeploy"" the path to the server which provides the firmware is changed. Afterwards the ""install"" command is used to install a codesegmenet through the apeupdater for Autopliot ECU (APE). This leads to root priviledges and acceptance of Linux commands on APE.",Electronic Control Unit (ECU) Remote Gateway# Electronic Control Unit (ECU) Infotainment ECU Central Information Display# Electronic Control Unit (ECU)  Autopilot ECU
ATD-378,424.0,"658, 659",,"ID2018_Lambert_MSA1_Step1, ID2018_Lambert_MSA1_Step2_1#",ID2018_Lambert_MSA1,Compromising Tesla app by reusing authentication key. GPS waqs disabled and the vehicle was stolen,Tesla Model 3 rental was stolen by reusing authentication key Lambert   https://electrek.co/2018/09/06/teslamodel3rentalstolenkey/,2018.0,,,Yes,,Not Systemic,"CWE-284, CWE-693",CVSS:3.0/AV:L/AC:L/PR:L/UI:N/S:C/C:N/I:H/A:L,7.3,2.01211626,4.71732410701147,L,,,,,AAD,,Software Attack,Real Attack,"Authentication, Integrity","Cellular, Software",Car theft/breakins# No tracking after Car theft/breakins,
ATD-379,425.0,558,,ID2018_Lambert_SSA1#,ID2018_Lambert_SSA1,Tesla Model 3 manipulalted to host an Ubuntu OS on the Infotainment System and playing Youtube videos.,Tesla owner hacks Model 3 and plays Youtube videos Lambert   https://electrek.co/2018/11/29/teslaownerhacksmodel3playsyoutubevideos/,2018.0,,,,Yes,Not Systemic,CWE-693,CVSS:3.0/AV:L/AC:L/PR:L/UI:N/S:U/C:L/I:H/A:N,6.1,1.83457659,4.216656,L,,,,,AAD,,Software Attack,Real Attack,Authorization,ECU,Running Ubuntu and playing YouTube videos,"Electronic Control Unit (ECU) Infotainment ECU Intel Atom E3950 (Quad Core), 4 GB (DDR4) RAM, 64 GB eMMC,  Freescale/NXP QorIQ chip"
ATD-380,426.0,793,,ID2018_Lambert_SSA2#,ID2018_Lambert_SSA2,Setting ECU of Tesla Model 3 into factory mode which reveals information about the powertrain of the vehicle,"Tesla Model 3 gets hacked, reveals more details and great potential for dual motor/ performance versions Lambert    https://electrek.co/2018/02/25/teslamodel3hackeddetailsbatteryperformancedualmotor/",2018.0,,,Yes,,Not Systemic,CWE-284,CVSS:3.0/AV:A/AC:L/PR:L/UI:N/S:U/C:L/I:N/A:N,3.5,2.068068156,1.41239999999999,A,,,,,AAD,,Software Attack,Real Attack,Confidentiality,Component,"Getting entry to the factory mode, which exposes information about the vehicleâ€™s powertrain.",Electronic Control Unit (ECU)
ATD-381,427.0,"814, 815",,"ID2018_Leyden_MSA1_Step1, ID2018_Leyden_MSA1_Step2_1#",ID2018_Leyden_MSA1,Improper user management leads to access and control of vehicle data by previous owners,Shock Land Rover Discovery: Sellers could meddle with connected cars if not unbound Leyden    https://www.theregister.com/2018/07/27/jaguar_land_rover_connected_car_privacy/,2018.0,,Yes,Yes,,Not Systemic,"CWE-664, CWE-693",CVSS:3.0/AV:L/AC:L/PR:L/UI:N/S:U/C:H/I:H/A:L,7.3,1.83457659,5.45052864,L,,,,,AAD,,Software Attack,Real Attack,"Confidentiality, Authentication",Software InControl Remote app or InControl Portal,"Private data and vehicel locations can by observed# Several vehicle functions, such as car access, breakdown services, climate control, etc. can be triggered",Component 1: Electronic Control Unit (ECU) Air Conditioning ECU Climate Systems  Component 2: Electronic Control Unit (ECU)  Breakdown servcies  Component 3: Electronic Control Unit (ECU) Navigation ECU   Component 4: Electronic Control Unit (ECU) Car Access ECU
ATD-382,428.0,654,,ID2018_Leyden_SSA1#,ID2018_Leyden_SSA1,Improper account management leads to manipulations and information gain by previous vehicle owners.,Connected car data handover headache: There's no quick fix... and it's NOT just Land Rovers Leyden   https://www.theregister.com/2018/08/21/connected_car_data_handover_mess/,2018.0,Yes,,Yes,,Potentially Systemic,CWE-664,CVSS:3.0/AV:N/AC:L/PR:N/UI:N/S:U/C:H/I:N/A:N,7.5,3.887042775,3.5952,N,,,,,AAD,,Software Attack,Real Attack,Confidentiality,Cellular,"Control car systems, Data/Privacy breach, Location tracking",
ATD-383,429.0,794,CVE-2018-1170,ID2018_Luo_SSA1#,ID2018_Luo_SSA1,Volkswagen Customer-Link App and HTC Customer-Link Bridge can be exploitet in order to send malicious messages to the CAN bus of vehicles,Volkswagen CustomerLink App Protection Mechanism Failure CAN Message Injection Vulnerability Luo    https://www.zerodayinitiative.com/advisories/ZDI18214/,2018.0,Yes,,Yes,Yes,Potentially Systemic,CWE-284,CVSS:3.0/AV:A/AC:L/PR:N/UI:N/S:U/C:H/I:H/A:H,8.8,2.83525473,5.87311872,A,,,,,Common,,Software Attack,Real Attack,Authentication,CANBus,An attacker can leverage this vulnerability to inject CAN messages.,Electronic Control Unit (ECU)  CustomerLink App and CustomerLink Bridge.
ATD-384,430.0,"812, 813",,"ID2018_Nigam_MSA1_Step1, ID2018_Nigam_MSA1_Step2_1#",ID2018_Nigam_MSA1,Vehicle theft by capture-replay attack of valid key fob signals,This new car jacking device is giving Delhi police sleepless nights Nigam    https://www.indiatoday.in/mailtoday/story/thisnewcarjackingdeviceisgivingdelhipolicesleeplessnights124536320180530,2018.0,,Yes,Yes,,Not Systemic,"CWE-693, CWE-284",CVSS:3.0/AV:N/AC:L/PR:N/UI:N/S:U/C:L/I:H/A:N,8.2,3.887042775,4.216656,N,,,,,AAD,,Wireless Attack,Real Attack,"Confidentiality, Authentication",RFID,Transmission frequency and communication of the vehicle key fob can be gathered# Car can be accessed and stolen,# Component 1: Electronic Control Unit (ECU) Car Access ECU   Component 2: Electronic Control Unit (ECU) Engine ECU ECM (Electronic/Engine Control Module)
ATD-385,431.0,662,,ID2018_PANews_SSA1#,ID2018_PANews_SSA1,Relay attack on keyless entry system of a vehicle,Police hunt thieves after car stolen despite keys being 30ft away PANews   https://www.eastlothiancourier.com/news/nationalnews/16961940.policehuntthievescarstolendespitekeys30ftaway/,2018.0,,,Yes,,Not Systemic,CWE-693,CVSS:3.0/AV:N/AC:L/PR:N/UI:N/S:U/C:N/I:H/A:N,7.5,3.887042775,3.5952,N,,,,,AAD,,Wireless Attack,Real Attack,Authentication,RFID,Car theft/breakins,Electronic Control Unit (ECU) Car Access ECU
ATD-386,432.0,"560, 561",,"ID2018_Plkachu_MSA1_Step1, ID2018_Plkachu_MSA1_Step2_1#",ID2018_Plkachu_MSA1,Controlling and adapting music to driving behavior by misusing CAN bus traffic,Building a custom infotainment system Plkachu   https://p1kachu.pluggi.fr/project/automotive/2018/12/17/customivi/,2018.0,,Yes,,,Not Systemic,"CWE-284, CWE-693",CVSS:3.0/AV:A/AC:L/PR:N/UI:N/S:U/C:H/I:H/A:N,8.1,2.83525473,5.177088,A,,,,,AAD,,"Hardware Attack, Bus Attack",Real Attack,"Integrity, Confidentiality",OBD,"Vehicle data can be read from CAN, so relevant signals can be sniffed# Using vehicle data from CAN to control custom features of a custom Infotainment system",
ATD-387,433.0,"562, 563, 564",,"ID2018_Plkachu_MSA2_Step1, ID2018_Plkachu_MSA2_Step2_1, ID2018_Plkachu_MSA2_Step3_2#",ID2018_Plkachu_MSA2,Spoofing malicious speed value messages of a Subaru Impreza by extracting and reverse engineering an ECU's firmware via diagnostic interface,A tour of automotive systems from 20 years ago Plkachu   http://p1kachu.pluggi.fr/project/automotive/2018/12/28/subarussm1/,2018.0,,,Yes,,Not Systemic,"CWE-664, CWE-693",CVSS:3.0/AV:L/AC:H/PR:N/UI:N/S:U/C:H/I:H/A:N,6.7,1.4372259,5.177088,L,,,,,AAD,,"Software Attack, Bus Attack",Real Attack,"Confidentiality, Authentication","OBD xSM1 connection protocol, Software Engine firmware, Component Speed sensor","Engine frimware available for analysis# Firmware data like fuel, ignition timing and avance maps and especially the functions for speed limiting were identified# Car can be tricked with false speed values",Electronic Control Unit (ECU) Engine ECU
ATD-388,434.0,"673, 674",,"ID2018_Rezvani_MSA1_Step1, ID2018_Rezvani_MSA1_Step2_1#",ID2018_Rezvani_MSA1,Spoofing control commands to the ethernet channel of the rear camera to start and stop video streams# False video stream can be injected to the ADAS camera's ethernet connection,Hacking Automotive Ethernet Cameras Rezvani   https://argussec.com/hackingautomotiveethernetcameras/,2018.0,,,Yes,,Not Systemic,"CWE-693, CWE-284",CVSS:3.0/AV:A/AC:L/PR:N/UI:N/S:U/C:N/I:H/A:N,6.5,2.83525473,3.5952,A,,,,,AAD,,Bus Attack,Real Attack,"Authentication, Integrity",Ethernet,unauthorized start/stop video stream of rear camera# ADAS ECU,Sensor Camera# Electronic Control Unit (ECU)  ADAS ECU
ATD-389,435.0,792,,ID2018_Rossignol_SSA1#,ID2018_Rossignol_SSA1,Monitoring CAN traffic of a Cadillac ELR via its OBD port.,Groking the Cadillac ELR Rossignol    http://www.theresistornetwork.com/2018/02/grokingcadillacelr.html,2018.0,,Yes,,,Not Systemic,CWE-693,CVSS:3.0/AV:P/AC:L/PR:L/UI:N/S:U/C:L/I:N/A:N,2.1,0.66711876,1.41239999999999,P,,,,,AAD,,Bus Attack,Real Attack,Confidentiality,OBD using the OBD port to gain access to the CANbus,"Driving data like speed, stateofcharge, consumption, GPS position, and milage was decoded and exported.",
ATD-390,436.0,663,CVE-2018-18071,ID2018_Ruef_SSA1#,ID2018_Ruef_SSA1,Daimler Mercedes-Benz Me app 2.11.0-846 for iOS vulnerable for traffic interception which can lead to acquiring private data or controlling vehicle functions,Daimler Mercedes Me App 2.11.0846 on iOS Certificate Pinning information disclosure Ruef   https://vuldb.com/?id.125081 https://www.cvedetails.com/cve/CVE201818071 https://www.scip.ch/en/?labs.20180405,2018.0,,Yes,,,Not Systemic,CWE-284,CVSS:3.0/AV:N/AC:L/PR:N/UI:N/S:U/C:H/I:N/A:N,7.5,3.887042775,3.5952,N,,,,,Common,,Software Attack,Real Attack,Authentication,Cellular Daimler Mercedes Me App 2.11.0846 on iOS,"Control car systems, Location tracking",Electronic Control Unit (ECU)  Mercedes Me App
ATD-391,437.0,665,CVE-2018-18070,ID2018_Ruef_SSA2#,ID2018_Ruef_SSA2,Daimler Mercedes-Benz COMAND 17/13.0 50.12 of Mercedes-Benz C-Class 2018 vehicles vulnerable for denial of service attacks through the navigation system,Daimler Mercedes Comand 1713.0 50.12 Navigation Route Calculation data processing Ruef   https://vuldb.com/?id.125080,2018.0,Yes,,Yes,,Potentially Systemic,CWE-664,CVSS:3.0/AV:N/AC:H/PR:N/UI:N/S:U/C:N/I:N/A:H,5.9,2.2211673,3.5952,N,,,,,Common,,Software Attack,Real Attack,Availability,GPS,"Defining or receiving a specific navigation route might cause the system to freeze and reboot after a few transmissions. When the system next starts, it tries to recalculate the route, which will cause a boot loop. (Under certain circumstances, it is possible to quickly overwrite the malicious route to regain the stability of the system.)",Electronic Control Unit (ECU) Navigation ECU
ATD-392,438.0,557,,ID2018_Simmons_SSA1#,ID2018_Simmons_SSA1,Relay attack on keyless entry system,"Auto theft on the rise in Toronto area, and a security expert thinks he knows why Simmons   https://www.cbc.ca/news/canada/toronto/cartheftsrising1.4930890",2018.0,,,Yes,,Not Systemic,CWE-693,CVSS:3.0/AV:N/AC:L/PR:N/UI:N/S:U/C:N/I:H/A:N,7.5,3.887042775,3.5952,N,,,,,AAD,,Wireless Attack,Real Attack,Authentication,RFID Keyless Entry,Car was stolen,Electronic Control Unit (ECU) Car Access ECU Keyless Entry System
ATD-393,439.0,"495, 496",,"ID2018_Sitawarin_MSA1_Step1, ID2018_Sitawarin_MSA1_Step2_1#",ID2018_Sitawarin_MSA1,Altering traffic signs to mislead autonomous vehicle functions# Altering traffic signs with lenticular printing technique,DARTS: Deceiving Autonomous Cars with Toxic Signs Sitawarin,2018.0,,,Yes,,Not Systemic,CWE-693,CVSS:3.0/AV:N/AC:H/PR:N/UI:N/S:C/C:N/I:H/A:N,6.8,2.2211673,3.992805377514,N,,,,,AAD,,Environment Attack,Real Attack,Integrity,Camera,"Virtual white box attacks: Sign Embedding and Adversarial Traffic Sign Attacks achieved a success rate of up to 90%.  Virtual black box attacks: Success rate has decreased significantly.  Real World Tests (DriveByTests): WhiteBox > Adversarial Traffic Sign Attack 92.82 %, logo attack 52.50 %, custom sign attack 96.51 %. Black box > Adversarial traffic sign attack 96.68 %, logo attack 0.00 % (32.73 % with other logo), custom sign attack 97.71 %.# Lenticular Printing BlackBox > Camera classified the signs depending on the angle always differently","Electronic Control Unit (ECU) Artificial Intelligence Platform GPU Cluster with 8 NVIDIA Tesla P100 GPUs, 16 GB Speicher each, without GPU parallelisation"
ATD-394,440.0,671,,ID2018_Smith_SSA1#,ID2018_Smith_SSA1,Relay attack on keyless entry system of two Mercedes,"Two Mercedesâ€™ worth over Â£111,000 STOLEN from driveway in SECONDS  Smith   https://www.express.co.uk/lifestyle/cars/1050901/keylesscartheftMercedesstolendrivewayseconds",2018.0,,Yes,,Yes,Not Systemic,CWE-693,CVSS:3.0/AV:N/AC:L/PR:N/UI:N/S:U/C:N/I:H/A:N,7.5,3.887042775,3.5952,N,,,,,AAD,,Wireless Attack,Real Attack,Authentication,RFID,car theft,Electronic Control Unit (ECU) Car Access ECU
ATD-395,441.0,669,,ID2018_Smith_SSA2#,ID2018_Smith_SSA2,Relay attack on keyless entry system of a Mercedes,"New Â£65,000 Mercedes car stolen from driveway in seconds as thieves clone the keys Smith   https://www.express.co.uk/lifestyle/cars/1041179/stolencarthefthackMercedesAMGdrivewayclonekeys Relay Attack",2018.0,,,,Yes,Not Systemic,CWE-693,CVSS:3.0/AV:N/AC:L/PR:N/UI:N/S:U/C:N/I:H/A:N,7.5,3.887042775,3.5952,N,,,,,AAD,,Wireless Attack,Real Attack,Authentication,RFID,car theft,Electronic Control Unit (ECU) Car Access ECU
ATD-396,442.0,801,,ID2018_Stykas_SSA1#,ID2018_Stykas_SSA1,Vehicle tracking and disabling engine via backend server misusing telematic services,Remote smart car hacking with just a phone. Stykas    https://medium.com/@evstykas/remotesmartcarhackingwithjustaphone2fe7ca682162,2018.0,,,Yes,Yes,Not Systemic,CWE-707,CVSS:3.0/AV:N/AC:L/PR:N/UI:N/S:U/C:H/I:H/A:N,9.1,3.887042775,5.177088,N,,,,,AAD,,Software Attack,Real Attack,Integrity,Software,"Access to user and product data bases, control over cars which use that service, information about vehicle location history",
ATD-397,443.0,"520, 521, 522",,"ID2018_Takahashi_MSA1_Step1, ID2018_Takahashi_MSA1_Step2_1, ID2018_Takahashi_MSA1_Step3_2#",ID2018_Takahashi_MSA1,"Sniffing CAN messages with information (speed, Â…) for cruise control# Spoofing of CAN messages with false information (speed, Â…) to accelerate and decelerate the vehicle",Abnormal Vehicle Behaviour Induced Using Only Fabricated Informative CAN Messages  Takahashi,2018.0,,,Yes,,Not Systemic,CWE-693,CVSS:3.0/AV:A/AC:L/PR:N/UI:N/S:U/C:H/I:H/A:N,8.1,2.83525473,5.177088,A,,,,,AAD,,Bus Attack,Real Attack,"Confidentiality, Authentication",CANBus,Relevant CAN messages with speed are identified# Vehicle accelerates to 120 km/h which is against the drivers set cruise control speed# Vehicle decelerates which is against the drivers set cruise control speed,Component 1: Electronic Control Unit (ECU) Adaptive Cruise Control ECU   Component 2: Electronic Control Unit (ECU) Park Assistance ECU
ATD-398,444.0,"523, 524",,"ID2018_Takahashi_MSA2_Step1, ID2018_Takahashi_MSA2_Step2_1#",ID2018_Takahashi_MSA2,"Sniffing CAN messages with information (speed, Â…) for cruise control# Disabling the park assistance system by spoofing CAN messages with modified data",Abnormal Vehicle Behaviour Induced Using Only Fabricated Informative CAN Messages  Takahashi,2018.0,,,Yes,,Not Systemic,"CWE-693, CWE-284",CVSS:3.0/AV:A/AC:L/PR:N/UI:N/S:U/C:H/I:H/A:N,8.1,2.83525473,5.177088,A,,,,,AAD,,Bus Attack,Real Attack,"Confidentiality, Availability",CANBus,Disabling park assistance,Component 1: Electronic Control Unit (ECU) Adaptive Cruise Control ECU   Component 2: Electronic Control Unit (ECU) Park Assistance ECU
ATD-399,445.0,"816, 817",,"ID2018_Tan_MSA1_Step1, ID2018_Tan_MSA1_Step2_1#",ID2018_Tan_MSA1,Vehicle theft by using RollJam device to spoof the key fob,"S'porean drivers, beware: Keyless cars getting hacked into in Malaysia Tan   https://mothership.sg/2018/02/keylesscartheftsmalaysia/",2018.0,,,Yes,,Not Systemic,"CWE-693, CWE-284",CVSS:3.0/AV:N/AC:L/PR:N/UI:R/S:U/C:N/I:H/A:H,8.1,2.83525473,5.177088,N,,,,,AAD,,Wireless Attack,Real Attack,"Availability, Authentication",RFID,"Car can not be opened by user. User presses button a second time. Both signals are intercepted by the attacker. The first signal is forwarded to the vehicle, which unlocks. The attacker now has the second signal whioch can be used to open the car, since that signal is still valid# Car was unlocked",Electronic Control Unit (ECU) Car Access ECU
ATD-400,446.0,810,,ID2018_Thomson_SSA1#,ID2018_Thomson_SSA1,"Access and control over components like dash cameras and in-vehicle computers of police cars, ambulances, and other emergency vehicles due to vulnerable wireless gateways",Oh sh..' â€“ the moment an infosec bod realized he was tracking a cop car's movements by its leaky cellular gateway Thomson    https://www.theregister.com/2018/08/18/cellular_gateway_snafu/,2018.0,Yes,,Yes,,Not Systemic,CWE-664,CVSS:3.0/AV:L/AC:L/PR:N/UI:N/S:U/C:L/I:N/A:N,4.0,2.515145325,1.41239999999999,L,,,,,AAD,,Software Attack,Real Attack,Confidentiality,Ethernet Webpages are scanned,Random gateways (some of them installed in cars) can be located,Electronic Control Unit (ECU) Remote Gateway Cellular Gateway from Sierra Wireless
ATD-401,447.0,661,,ID2018_TimesNow_SSA1#,ID2018_TimesNow_SSA1,Relay attack on keyless entry system of a SUV,SUV with keyless entry stolen in Noida after thieves hack into its wireless network. TimesNow   https://www.timesnownews.com/mirrornow/crime/article/suvwithkeylessentrystoleninnoidaafterthieveshackintoitswirelessnetwork/281740,2018.0,,Yes,,Yes,Not Systemic,CWE-693,CVSS:3.0/AV:N/AC:L/PR:N/UI:N/S:U/C:N/I:H/A:N,7.5,3.887042775,3.5952,N,,,,,AAD,,Wireless Attack,Real Attack,Authentication,RFID,Car theft/breakins,Electronic Control Unit (ECU) Car Access ECU
ATD-402,448.0,657,,ID2018_WMC_SSA1#,ID2018_WMC_SSA1,Personal data can be read from vehicle by previously connected Bluetooth devices,"Used cars increase identity theft chances, BBB finds WMC   https://www.actionnews5.com/story/39022826/usedcarsincreaseidentitytheftchancesbbbfinds/",2018.0,Yes,,Yes,,Potentially Systemic,CWE-693,CVSS:3.0/AV:N/AC:L/PR:N/UI:N/S:U/C:H/I:N/A:N,7.5,3.887042775,3.5952,N,,,,,AAD,,Software Attack,Real Attack,Confidentiality,Bluetooth,"Data/Personal information breach (contact numbers, music, login info for mobile apps, garage codes, frequently visited addresses)",
ATD-403,449.0,"798, 799, 800","CVE-2018-11476, CVE-2018-11477, CVE-2018-11478","ID2018_Weber_MSA1_Step1, ID2018_Weber_MSA1_Step2_1, ID2018_Weber_MSA1_Step3_2#",ID2018_Weber_MSA1,Vgate iCar 2 WiFi OBD2 Dongles contain vulnerabilities which enable attackers to control safety-critical functions of a vehicle,SEC Consult SA201805290 :: Unprotected WiFi access & Unencrypted data transfer in Vgate iCar2 OBD2 Dongle Weber    https://seclists.org/fulldisclosure/2018/May/66,2018.0,,,Yes,,Not Systemic,"CWE-284, CWE-693",CVSS:3.0/AV:A/AC:L/PR:N/UI:N/S:U/C:H/I:H/A:H,8.8,2.83525473,5.87311872,A,,,,,Common,,Wireless Attack,Real Attack,"Authentication, Confidentiality","WLAN Unprotected WiFi Access (CVE201811476) The dongle opens an unprotected wireless LAN which cannot be configured with an encryption / password. This enables anyone within the range of the WLAN to connect to the network without authentication., WLAN",Data traffic of the OBD Dongle's WLAN connection can be read# All data sent through WLAN can be read# Malicous messages can be sent to the vehicle,Electronic Control Unit (ECU)  Vgate iCar 2 WiFi OBD2 Dongle devices# Component 1: Electronic Control Unit (ECU)  Vgate iCar 2 WiFi OBD2 Dongle devices  Component 2: Electronic Control Unit (ECU)
ATD-404,450.0,"805, 806",,"ID2018_Zeng_MSA1_Step1, ID2018_Zeng_MSA1_Step2_1#",ID2018_Zeng_MSA1,False GPS signals can be spoofed to GPS navigation of a vehicle by a malicious device which needs to be attached to the vehicle.,All Your GPS Are Belong To Us: Towards Stealthy Manipulation of Road Navigation Systems Zeng    https://people.cs.vt.edu/gangwang/sec18gps.pdf,2018.0,,,Yes,,Not Systemic,CWE-284,CVSS:3.0/AV:P/AC:L/PR:N/UI:R/S:U/C:N/I:H/A:N,4.3,0.66711876,3.5952,P,,,,,AAD,,"Hardware Attack, Wireless Attack",Real Attack,"Integrity, Authentication","Component Some stealthy location in or on the vehicle, Cellular","GPS position can be manipulated remotely, therefore a wrong route is calculated.# Slight changes or route modifications can lead to accidents",
ATD-405,451.0,695,,ID2019_Adams_SSA1#,ID2019_Adams_SSA1,Relay attack on keyless entry system of a Range Rover,"Thief uses relay device to steal Â£24,000 Range Rover Adams   https://www.dailymail.co.uk/news/article6838353/Gone24SECONDSThiefusesrelaydevicesteal24000RangeRoverownersdriveway.html",2019.0,,,Yes,,Not Systemic,CWE-693,CVSS:3.0/AV:N/AC:L/PR:N/UI:N/S:U/C:N/I:H/A:N,7.5,3.887042775,3.5952,N,,,,,AAD,,Wireless Attack,Real Attack,Authentication,RFID,car theft,Electronic Control Unit (ECU) Car Access ECU
ATD-406,452.0,781,,ID2019_Allen_SSA1#,ID2019_Allen_SSA1,Relay attack on keyless entry system of 19 different vehicles,Car crook ordered to pay Â£1.3m+ for handling cars stolen in keyless thefts Allen   https://www.driving.co.uk/news/carcrookorderedpay13mfinehandlingcarsstolenkeylessthefts/,2019.0,,,Yes,,Not Systemic,CWE-693,CVSS:3.0/AV:N/AC:L/PR:N/UI:N/S:U/C:N/I:H/A:N,7.5,3.887042775,3.5952,N,,,,,AAD,,Wireless Attack,Real Attack,Authentication,RFID,Car theft,Electronic Control Unit (ECU) Car Access ECU
ATD-407,453.0,680,,ID2019_BBC_SSA1#,ID2019_BBC_SSA1,Relay attack on keyless entry system of a vehicle,CCTV shows 'oneminute keyless car theft BBC   https://www.bbc.com/news/av/ukenglandbedsbucksherts47203953,2019.0,,Yes,Yes,,Not Systemic,CWE-693,CVSS:3.0/AV:N/AC:L/PR:N/UI:N/S:U/C:N/I:H/A:N,7.5,3.887042775,3.5952,N,,,,,AAD,,Wireless Attack,Real Attack,Authentication,RFID,car theft,Electronic Control Unit (ECU) Car Access ECU
ATD-408,454.0,568,,ID2019_Bhatio_SSA1#,ID2019_Bhatio_SSA1,Relay attack on keyless entry system of a Mercedes,"Spinetingling moment thieves steal a Â£47,000 Mercedes from couple who have lived there for 30 years by tricking the car's ignition system into thinking they have the ke Bhatio   https://www.dailymail.co.uk/news/article7461589/Thievessteal47000Mercedestrickingcarsignitionkey.html",2019.0,,,Yes,,Not Systemic,CWE-693,CVSS:3.0/AV:N/AC:L/PR:N/UI:N/S:U/C:N/I:H/A:N,7.5,3.887042775,3.5952,N,,,,,AAD,,Wireless Attack,Real Attack,Authentication,RFID Keyless Access System,Vehicle was stolen,Electronic Control Unit (ECU) Car Access ECU Keyless Access System
ATD-409,455.0,689,,ID2019_Bianchini_SSA1#,ID2019_Bianchini_SSA1,A keyless entry car was immobilised remotely in a car park in Australia,Cars being â€˜hackedâ€™ in Joondalup carpark Bianchini   https://www.perthnow.com.au/communitynews/joondaluptimes/carsbeinghackedinjoondalupcarparkc876724,2019.0,,Yes,,,Not Systemic,CWE-693,CVSS:3.0/AV:A/AC:L/PR:N/UI:N/S:U/C:L/I:H/A:N,7.1,2.83525473,4.216656,A,,,,,AAD,,Wireless Attack,Real Attack,Availability,RFID,Car was immobilised,Electronic Control Unit (ECU) Car Access ECU
ATD-410,456.0,"706, 707, 708",,"ID2019_Bicchierai_MSA1_Step1, ID2019_Bicchierai_MSA1_Step2_1, ID2019_Bicchierai_MSA1_Step3_2#",ID2019_Bicchierai_MSA1,Access to GPS tracking app enables attacker to disable a vehicle's engine remotely,Hacker Finds He Can Remotely Kill Car Engines After Breaking Into GPS Tracking Apps Bicchierai   https://www.vice.com/en/article/zmpx4x/hackermonitorcarskillenginegpstrackingapps,2019.0,,,,Yes,Not Systemic,"CWE-693, CWE-284, CWE-664",CVSS:3.0/AV:L/AC:L/PR:N/UI:N/S:U/C:H/I:N/A:N,6.2,2.515145325,3.5952,L,,,,,AAD,,"Software Attack, Cryptographic Attack",Real Attack,Confidentiality,Software,"Default password 123456 was found which is assigned for all users# User accounts were acquired# User information, such as names, phone numbers, email addresses, etc., were extracted.  Deactivation of the vehicle engines possible from app",Component 1: Electronic Control Unit (ECU)  ProTrack Android App  Component 2: Electronic Control Unit (ECU)  iTrack Android App
ATD-411,457.0,683,,ID2019_Bowe_SSA1#,ID2019_Bowe_SSA1,Relay attack on keyless entry system of several Ford vehicles,Keyless car thefts: Ford models stolen across Middlesbrough Bowe   https://www.thenorthernecho.co.uk/news/17459899.keylesscartheftsfordmodelsstolenacrossmiddlesbrough/,2019.0,,Yes,,,Not Systemic,CWE-693,CVSS:3.0/AV:N/AC:L/PR:N/UI:N/S:U/C:N/I:H/A:N,7.5,3.887042775,3.5952,N,,,,,AAD,,Wireless Attack,Real Attack,Authentication,RFID,car theft,Electronic Control Unit (ECU) Car Access ECU
ATD-412,458.0,696,,ID2019_Brookes_SSA1#,ID2019_Brookes_SSA1,Relay attack on keyless entry system of a Range Rover,Keyless vehicle theft victimâ€™s warning after watching thief drive off in her car Brookes   https://www.whtimes.co.uk/news/brookmansparkkeylesscartheft5629482,2019.0,,,Yes,,Not Systemic,CWE-693,CVSS:3.0/AV:N/AC:L/PR:N/UI:N/S:U/C:N/I:H/A:N,7.5,3.887042775,3.5952,N,,,,,AAD,,Wireless Attack,Real Attack,Authentication,RFID,car theft,Electronic Control Unit (ECU) Car Access ECU
ATD-413,459.0,591,,ID2019_Bruno_SSA1#,ID2019_Bruno_SSA1,Monitoring and sending CAN messages by using a custom Arduino tool,Car Hacking | Stop installing aftermarket switches! | How to add extra functionality to buttons that already exist in your car. Bruno   https://tbruno25.medium.com/stopinstallingaftermarketswitchesf4091921f9c2,2019.0,Yes,,Yes,,Potentially Systemic,CWE-693,CVSS:3.0/AV:A/AC:L/PR:N/UI:N/S:U/C:L/I:H/A:N,7.1,2.83525473,4.216656,A,,,,,AAD,,Bus Attack,Real Attack,Confidentiality,CANBus,"CAN messages can be read. However, since there is a physical connection to the CAN bus, CAN message injection is possible",
ATD-414,460.0,710,,ID2019_Bruno_SSA2#,ID2019_Bruno_SSA2,Analysing CAN traffic to add functionalities to the vehicle,Car hacking  How I added features by manipulating can bus Bruno   https://tbruno25.medium.com/carhackinghowiaddedfeaturesbymanipulatingcanbusandhowyoucantoob391fcea11f1,2019.0,,Yes,,,Not Systemic,CWE-284,CVSS:3.0/AV:A/AC:L/PR:N/UI:N/S:U/C:N/I:H/A:N,6.5,2.83525473,3.5952,A,,,,,AAD,,Bus Attack,Real Attack,Authentication,OBD,Adding new features,
ATD-415,461.0,752,,ID2019_CBS_SSA1#,ID2019_CBS_SSA1,Relay attack on keyless entry system of a Mini Cooper,"Caught On Camera: Suspected Car Thief, Leaving Little Trace, Prompts Key Fob Security Warning CBS   https://losangeles.cbslocal.com/2019/11/11/brentwoodcarthiefkeyfobs/",2019.0,,Yes,,,Not Systemic,CWE-693,CVSS:3.0/AV:N/AC:L/PR:N/UI:N/S:U/C:N/I:H/A:N,7.5,3.887042775,3.5952,N,,,,,AAD,,Wireless Attack,Real Attack,Authentication,WLAN,Car theft/breakins,Electronic Control Unit (ECU) Car Access ECU
ATD-416,462.0,597,,ID2019_Cao_SSA1#,ID2019_Cao_SSA1,Attacking a LiDAR-based autonomous driving detection system by using adversarial examples,Adversarial Objects Against LiDARBased Autonomous Driving Systems Cao   https://arxiv.org/pdf/1907.05418v1.pdf,2019.0,,Yes,,,Not Systemic,CWE-707,CVSS:3.0/AV:L/AC:L/PR:N/UI:N/S:U/C:N/I:H/A:N,6.2,2.515145325,3.5952,L,,,,,AAD,,Environment Attack,Simulation,Integrity,LiDAR,Road objects are hidden with 36 % to 62 % success rate,Component 1: Sensor LiDAR Sensor HDL64E Lidar Sensor  Component 2: Sensor LiDAR Sensor Riegel VMX1HA
ATD-417,463.0,598,,ID2019_Cao_SSA2#,ID2019_Cao_SSA2,Attacking a LiDAR-based autonomous driving detection system by using adversarial examples,Adversarial Objects Against LiDARBased Autonomous Driving Systems Cao   https://arxiv.org/pdf/1907.05418v1.pdf,2019.0,Yes,,Yes,,Not Systemic,CWE-707,CVSS:3.0/AV:L/AC:H/PR:N/UI:N/S:U/C:N/I:H/A:N,5.1,1.4372259,3.5952,L,,,,,AAD,,Environment Attack,Simulation,Integrity,LiDAR,Road objects are hidden with 51 % to 71 % success rate,Component 1: Sensor LiDAR Sensor HDL64E Lidar Sensor  Component 2: Sensor LiDAR Sensor Riegel VMX1HA
ATD-418,464.0,599,,ID2019_Cao_SSA3#,ID2019_Cao_SSA3,Attacking a LiDAR-based autonomous driving detection system by using adversarial examples,Adversarial Objects Against LiDARBased Autonomous Driving Systems Cao   https://arxiv.org/pdf/1907.05418v1.pdf,2019.0,,,,Yes,Not Systemic,CWE-707,CVSS:3.0/AV:L/AC:H/PR:N/UI:N/S:U/C:N/I:H/A:N,5.1,1.4372259,3.5952,L,,,,,AAD,,Environment Attack,Simulation,Integrity,LiDAR,Adversarial mesh is falsely classified as a pedestrian,Component 1: Sensor LiDAR Sensor HDL64E Lidar Sensor  Component 2: Sensor LiDAR Sensor Riegel VMX1HA
ATD-419,465.0,600,,ID2019_Cao_SSA4#,ID2019_Cao_SSA4,Attacking a LiDAR-based autonomous driving detection system by using adversarial examples,Adversarial Objects Against LiDARBased Autonomous Driving Systems Cao   https://arxiv.org/pdf/1907.05418v1.pdf,2019.0,,,Yes,,Not Systemic,CWE-707,CVSS:3.0/AV:N/AC:L/PR:N/UI:N/S:U/C:N/I:H/A:N,7.5,3.887042775,3.5952,N,,,,,AAD,,Environment Attack,Real Attack,Integrity,LiDAR,"Potentially ""sensor invisible"" object on the street leads to misdetection in some cases",Component 1: Sensor LiDAR Sensor HDL64E Lidar Sensor  Component 2: Sensor LiDAR Sensor Riegel VMX1HA
ATD-420,466.0,768,,ID2019_Chin_SSA1#,ID2019_Chin_SSA1,"Tracking, starting, and stopping a vehicle remotely of ex-girlfriends car","Man Charged After Using App to Remotely Hack, Track Girlfriend's Car Location Chin   https://www.thedrive.com/news/30890/manchargedafterusingapptoremotelyhacktrackgirlfriendscarlocation?pfmredir=sm",2019.0,Yes,,Yes,,Potentially Systemic,CWE-664,CVSS:3.0/AV:N/AC:L/PR:L/UI:N/S:U/C:H/I:L/A:N,7.1,2.83525473,4.216656,N,,,,,AAD,,Software Attack,Real Attack,Confidentiality,Cellular,"Location tracking, Control car systems",Electronic Control Unit (ECU) Car Access ECU
ATD-421,467.0,"583, 584, 585",CVE-2015-1863,"ID2019_Christensen_MSA1_Step1, ID2019_Christensen_MSA1_Step2_1#, ID2019_Christensen_MSA1_Step3_1#",ID2019_Christensen_MSA1,"Man-in-the-Middle Attack on AutoPi Wi-Fi network. Communication between AutoPi OBD Dongle and the related Cloud server can be intercepted. Thus, account information, credentials, user data, etc. can be compromised",Ethical hacking of IoT devices: OBDII dongles Christensen   https://www.kth.se/polopoly_fs/1.914060.1600689132!/Ludvig%20and%20Daniel_final_dongles.pdf,2019.0,,Yes,,,Not Systemic,"CWE-710, CWE-284, CWE-693",CVSS:3.0/AV:L/AC:H/PR:N/UI:N/S:U/C:H/I:N/A:H,6.7,1.4372259,5.177088,L,,,,,AAD,,"Software Attack Using resources about the system to create a threat model, Wireless Attack, Software Attack",Warning: Mismatch in Attack Type,Confidentiality,"Software System resources, WLAN, Software","5 Threats are found:  1.) ManintheMiddle on remote interface 2.) Open Ports on the OBDDongle 3.) Sensitive information of firmware 4.) Attacks on WiFi connection 5.) Attacks on internal network of the OBDDongle (Firewall)# Access to data the user entered to the AutoPi cloud.  Except of threat 3, other threats were not possible.# Denialof Service is possible.  Except of threat 1, other threats were not possible.",Electronic Control Unit (ECU)  OBDDongle AutoPi
ATD-422,468.0,565,CVE-2019-12797,ID2019_Christensen_SSA1#,ID2019_Christensen_SSA1,ELM327 OBD2 Bluetooth device misused to send malicious messages via OBD to trigger vehicle functions,Elm327 clone device Christensen   https://www.kth.se/polopoly_fs/1.917488.1600689356!/elm327.pdf https://nvd.nist.gov/vuln/detail/CVE201912797,2019.0,,Yes,,Yes,Not Systemic,CWE-284,CVSS:3.0/AV:N/AC:L/PR:N/UI:N/S:U/C:H/I:H/A:H,9.8,3.887042775,5.87311872,N,,,,,Common,,Wireless Attack,Real Attack,Authentication,Bluetooth ELM327 OBDDongle,Messages can be sent to the CANBus by using the BluetoothOBDDongle,Electronic Control Unit (ECU)  ELM327 OBDDongle
ATD-423,469.0,699,CVE-2019-9977,ID2019_Cimpanu_SSA1#,ID2019_Cimpanu_SSA1,Displaying false information in Infotainment unit in Telsa Model 3,Tesla car hacked at Pwn2Own contest Cimpanu   https://www.zdnet.com/article/teslacarhackedatpwn2owncontest/,2019.0,Yes,,Yes,,Potentially Systemic,CWE-664,CVSS:3.0/AV:N/AC:L/PR:N/UI:R/S:U/C:H/I:H/A:H,8.8,2.83525473,5.87311872,N,,,,,Common,,Software Attack,Real Attack,Integrity,Software Browser of the Infotainment System,Display a crafted message to vehicle occupants via the infotainment system.,Electronic Control Unit (ECU) Infotainment ECU
ATD-424,470.0,601,,ID2019_Curry_SSA1#,ID2019_Curry_SSA1,"Cross-Site-Scripting attack to acquire and manipulate a Tesla's data, such as speed, temperature, version numbers, etc.","Cracking my windshield and earning $10,000 on the Tesla Bug Bounty Program Curry   https://samcurry.net/crackingmywindshieldandearning10000ontheteslabugbountyprogram/ https://www.bankinfosecurity.com/blogs/howbigrockrevealed10kteslaxssvulnerabilityp2772",2019.0,Yes,,Yes,,Not Systemic,CWE-707,CVSS:3.0/AV:L/AC:L/PR:N/UI:N/S:U/C:H/I:H/A:N,7.7,2.515145325,5.177088,L,,,,,AAD,,Software Attack,Real Attack,Integrity,Software,Access to website for Tesla's vehicle management. Information like  car and software versions as well as access to different over the air functions possible.,Electronic Control Unit (ECU) Infotainment ECU Web browser
ATD-425,471.0,"711, 712",,"ID2019_DailyPioneer_MSA1_Step1, ID2019_DailyPioneer_MSA1_Step2_1#",ID2019_DailyPioneer_MSA1,Vehicle theft by jamming valid GPRS signals and getting access to vehicle with magnetic key,Gang stealing cars busted DailyPioneer   https://www.dailypioneer.com/2019/stateeditions/gangstealingcarsbusted.html,2019.0,,,,Yes,Not Systemic,"CWE-693, CWE-284",CVSS:3.0/AV:A/AC:L/PR:N/UI:N/S:U/C:N/I:N/A:H,6.5,2.83525473,3.5952,A,,,,,AAD,,Wireless Attack,Real Attack,"Availability, Authentication",Cellular GPRS,Vehicle's security system was disabled# Car was unlocked,Electronic Control Unit (ECU) Theft Warning ECU
ATD-426,472.0,"775, 776, 777, 778, 779",,"ID2019_Dash_MSA1_Step1, ID2019_Dash_MSA1_Step2_1, ID2019_Dash_MSA1_Step3_2#, ID2019_Dash_MSA1_Step4_2#, ID2019_Dash_MSA1_Step5_2#",ID2019_Dash_MSA1,Automated attacks influence robotic vehicles,Out of Control: Stealthy Attacks Against Robotic Vehicles Protected by Controlbased Techniques Dash https://doi.org/10.1145/3359789.3359847  https://dl.acm.org/doi/10.1145/3359789.3359847,2019.0,,,Yes,,Not Systemic,"CWE-693, CWE-664",CVSS:3.0/AV:L/AC:H/PR:N/UI:R/S:U/C:H/I:H/A:H,7.0,1.04832948,5.87311872,L,,,,,AAD,,"Software Attack Collect time series data of control algortihm, Software Attack Inject malicious libraries, Software Attack",Real Attack,"Confidentiality, Authentication, Integrity, Availability","Software, Software Overwrote environment variable to point to the malicious libraries instead of the originals, Software Stealthy attack by manipulating sensor measurement and actuator signals, Software Stealthy attack during switch mode (e.g. between steady flight to landing) by manipulating sensor measurement and actuator signals, Software Stealthy attack by injecting code which generates artifical time delays","Obtain the detection threshold and monitoring window used in the IDS# Service/Business disruption, Manipulate car systems of robotic vehicle# Service/Business disruption, Manipulate car systems of robotic vehicle, over a period of time, the attacker will be able to significantly deviate the robotic vehicle from its original mission path# Service/Business disruption, Manipulate car systems of robotic vehicle, over a period of time, the attacker will be able to significantly deviate the robotic vehicle from its original mission path, Switching modes leads to IDS having higher threshold and allows greater deviation of trajectories","Component 1: Electronic Control Unit (ECU)  ArduPilot Software (largest opensource autopilot software suite deployed in over one million UAVs)  Component 2: Electronic Control Unit (ECU)  ARM Cortex based allinone hardware platform, which combines flight management unit (FMU) controller, I/O, sensors and memory in a single board. It runs NuttX, which is a Unixbased realtime operating system, on a 32bit Cortex processor and 256 KB RAM# Component 1: Electronic Control Unit (ECU)  Ardu Pilot Software (largest opensource autopilot software suite deployed in over one million UAVs)  Component 2: Electronic Control Unit (ECU)  ARM Cortex based allinone hardware platform, which combines flight management unit (FMU) controller, I/O, sensors and memory in a single board. It runs NuttX, which is a Unixbased realtime operating system, on a 32bit Cortex processor and 256 KB RAM"
ATD-427,473.0,774,,ID2019_DeClerq_SSA1#,ID2019_DeClerq_SSA1,Key fob spoofing leads to theft of several Lexus and Mercedes vehicles,"Five luxury cars stolen from Ajax driveways, police warn DeClerq   https://toronto.ctvnews.ca/mobile/fiveluxurycarsstolenfromajaxdrivewayspolicewarn1.4701646",2019.0,,,Yes,,Not Systemic,CWE-284,CVSS:3.0/AV:N/AC:L/PR:N/UI:N/S:U/C:N/I:H/A:N,7.5,3.887042775,3.5952,N,,,,,AAD,,Wireless Attack,Real Attack,Authentication,Cellular,Car theft,Electronic Control Unit (ECU) Car Access ECU
ATD-428,474.0,755,,ID2019_Egan_SSA1#,ID2019_Egan_SSA1,Relay attack on keyless entry system of several vehicles,Man warns of key fob hacking after Lexus looted  Egan   https://ottawacitizen.com/news/localnews/eganmanwarnsofkeyfobhackingafterlexuslooted,2019.0,,,Yes,,Not Systemic,CWE-693,CVSS:3.0/AV:N/AC:L/PR:N/UI:N/S:U/C:N/I:H/A:N,7.5,3.887042775,3.5952,N,,,,,AAD,,Wireless Attack,Real Attack,Authentication,RFID,Car theft/breakins,Electronic Control Unit (ECU) Car Access ECU
ATD-429,475.0,571,,ID2019_Evans_SSA1#,ID2019_Evans_SSA1,Relay attack on keyless entry system of seven vehicle models,More cars given poor security rating for risk of keyless theft Evans   https://www.whatcar.com/news/morecarsgivenpoorsecurityratingforriskofkeylesstheft/n19114,2019.0,,,Yes,,Not Systemic,CWE-693,CVSS:3.0/AV:N/AC:L/PR:N/UI:N/S:U/C:N/I:H/A:N,7.5,3.887042775,3.5952,N,,,,,AAD,,Wireless Attack,Real Attack,Authentication,RFID Keyless Access System,Vehicles could be stolen due to vulnerabilities against relay attacks,Electronic Control Unit (ECU) Car Access ECU Keyless Access System
ATD-430,476.0,576,,ID2019_Evans_SSA2#,ID2019_Evans_SSA2,Relay attack on keyless entry system of seven vehicles,Car Theft Group Test  Britain's Most Secure Cars Evans   https://www.whatcar.com/news/keylesscarcrime/n19875,2019.0,,,Yes,,Not Systemic,CWE-693,CVSS:3.0/AV:N/AC:L/PR:N/UI:N/S:U/C:N/I:H/A:N,7.5,3.887042775,3.5952,N,,,,,AAD,,Wireless Attack,Real Attack,Authentication,RFID Keyless Access System,"6 of 7 vehicles were opened and could be stolen. Land Rover Discovery could be opened, but not be stolen.",Electronic Control Unit (ECU) Car Access ECU Keyless Access System
ATD-431,477.0,577,,ID2019_Evans_SSA3#,ID2019_Evans_SSA3,Relay attack on keyless entry system of seven vehicles,Car Theft Group Test  Britain's Most Secure Cars Evans   https://www.whatcar.com/news/keylesscarcrime/n19875,2019.0,,Yes,,,Not Systemic,CWE-693,CVSS:3.0/AV:N/AC:L/PR:N/UI:N/S:U/C:N/I:H/A:N,7.5,3.887042775,3.5952,N,,,,,AAD,,Wireless Attack,Real Attack,Authentication,RFID Keyless Access System,"2 of 7 vehicles (DS3 Crossback, Land Rover Discovery Sport) were opened and could be stolen. Land Rover Discovery (not the above) could be opened, but not be stolen.",Electronic Control Unit (ECU) Car Access ECU Keyless Access System
ATD-432,478.0,572,,ID2019_Fehely_SSA1#,ID2019_Fehely_SSA1,Relay attack on keyless entry system of several vehicles,Car Burglars in Gilroy Likely Gained Vehicle Access Via Hacked Electronic Key Fobs Fehely   https://sanfrancisco.cbslocal.com/2019/05/23/carburglarsgilroyhackedelectronickeyfobs/,2019.0,,,Yes,,Not Systemic,CWE-693,CVSS:3.0/AV:N/AC:L/PR:N/UI:N/S:U/C:N/I:H/A:N,7.5,3.887042775,3.5952,N,,,,,AAD,,Wireless Attack,Real Attack,Authentication,RFID Keyless Access System,"Vehicles were opened, so thieves could steal items from the inside",Electronic Control Unit (ECU) Car Access ECU Keyless Access System
ATD-433,479.0,692,,ID2019_FleetNews_SSA1#,ID2019_FleetNews_SSA1,Relay attack on keyless entry system of a BMW,Car stolen via keyless theft recovered in less than an hour FleetNews   https://www.fleetnews.co.uk/news/latestfleetnews/2019/03/15/carstolenviakeylesstheftrecoveredinlessthananhour,2019.0,,,Yes,,Not Systemic,CWE-693,CVSS:3.0/AV:N/AC:L/PR:N/UI:N/S:U/C:N/I:H/A:N,7.5,3.887042775,3.5952,N,,,,,AAD,,Wireless Attack,Real Attack,Authentication,RFID,car theft,Electronic Control Unit (ECU) Car Access ECU
ATD-434,480.0,785,,ID2019_Fowler_SSA1#,ID2019_Fowler_SSA1,"Data, such as call logs, emails, photos, etc. can be extracted from the Infotainment system of a Chevrolet Volt",What does your car know about you? We hacked a Chevy to find out. Fowler   https://www.washingtonpost.com/technology/2019/12/17/whatdoesyourcarknowaboutyouwehackedchevyfindout/,2019.0,,,Yes,,Not Systemic,CWE-693,CVSS:3.0/AV:L/AC:H/PR:N/UI:N/S:U/C:N/I:H/A:N,5.1,1.4372259,3.5952,L,,,,,AAD,,Software Attack,Real Attack,Confidentiality,ECU Disassembled infotainment ECU,Data breach/ Privacy,Electronic Control Unit (ECU) Infotainment ECU
ATD-435,481.0,675,,ID2019_Frodsham_SSA1#,ID2019_Frodsham_SSA1,Relay attack on keyless entry system of a vehicle,Gang hacks key fob with aerial and steals car in 30 seconds Frodsham   https://www.standard.co.uk/news/crime/ganghackskeyfobwithaerialandstealscarin30secondsa4046561.html Relay attack on keyless go system,2019.0,,Yes,,,Not Systemic,CWE-693,CVSS:3.0/AV:N/AC:L/PR:N/UI:N/S:U/C:N/I:H/A:N,7.5,3.887042775,3.5952,N,,,,,AAD,,Wireless Attack,Real Attack,Authentication,RFID,car theft,Electronic Control Unit (ECU) Car Access ECU
ATD-436,482.0,682,,ID2019_Gant_SSA1#,ID2019_Gant_SSA1,Relay attack on keyless entry system of a Audi,"Two balaclavaclad thieves use hitech relay device to steal Â£30,000 Audi in just 40 seconds Gant   https://www.dailymail.co.uk/news/article6717709/Balaclavacladthievesusehightechrelaydevicesteal30000Audi40secondsWalsall.html#v8099465838438861586",2019.0,,,Yes,Yes,Not Systemic,CWE-693,CVSS:3.0/AV:N/AC:L/PR:N/UI:N/S:U/C:N/I:H/A:N,7.5,3.887042775,3.5952,N,,,,,AAD,,Wireless Attack,Real Attack,Authentication,RFID,car theft,Electronic Control Unit (ECU) Car Access ECU
ATD-437,483.0,690,,ID2019_Gerber_SSA1#,ID2019_Gerber_SSA1,Relay attack on keyless entry system of a vehicle,"Car thieves using technology to hack key fobs, steal vehicles Gerber   https://www.ksat.com/news/2019/03/12/sapdcarthievesusingtechnologytohackkeyfobsstealvehicles/",2019.0,,,Yes,,Not Systemic,CWE-693,CVSS:3.0/AV:N/AC:L/PR:N/UI:N/S:U/C:N/I:H/A:N,7.5,3.887042775,3.5952,N,,,,,AAD,,Wireless Attack,Real Attack,Authentication,RFID,car theft,Electronic Control Unit (ECU) Car Access ECU
ATD-438,484.0,758,,ID2019_Goodin_SSA1#,ID2019_Goodin_SSA1,Tracking and access over vehicle of rental Ford cars even after five months due to improper account management in the FordPass mobile app.,"Five months after returning rental car, man still has remote control Goodin   https://arstechnica.com/informationtechnology/2019/10/fivemonthsafterreturningrentalcarmanstillhasremotecontrol/",2019.0,Yes,,Yes,,Potentially Systemic,CWE-664,CVSS:3.0/AV:N/AC:L/PR:L/UI:N/S:U/C:H/I:H/A:N,8.1,2.83525473,5.177088,N,,,,,AAD,,Software Attack,Real Attack,Confidentiality,Cellular,"Location tracking, start/stop of engine",Electronic Control Unit (ECU) Car Access ECU
ATD-439,485.0,"615, 616",CVE-2019-14951,"ID2019_Google_MSA1_Step1, ID2019_Google_MSA1_Step2_1#",ID2019_Google_MSA1,Remote access to Multimedia system of Toyota and Lexus models by brute force attack on the authentication of the Telenav Scout GPS Link app for iOS.,SCOUT GPS LINK vulnerability Google   https://sites.google.com/site/iosappnss/morevulnerableappsandlibraries?authuser=0 https://cve.mitre.org/cgibin/cvename.cgi?name=CVE201914951 https://nvd.nist.gov/vuln/detail/CVE201914951,2019.0,,,Yes,,Not Systemic,"CWE-664, CWE-284",CVSS:3.0/AV:N/AC:L/PR:N/UI:N/S:U/C:H/I:N/A:N,7.5,3.887042775,3.5952,N,,,,,Common,,"Software Attack, Cryptographic Attack",Real Attack,"Confidentiality, Authentication",Cellular,Connection interface is found# Telenav Scout GPS Link app can be controlled remotely,Electronic Control Unit (ECU) Infotainment ECU Multi Media Screen
ATD-440,486.0,570,,ID2019_Hayward_SSA1#,ID2019_Hayward_SSA1,"Relay attack on keyless entry system of several vehicles like vans, taxis, minibuses and others",Thieves are 'stealing work vans and blackmailing owners in a hidden crimewave Hayward   https://www.walesonline.co.uk/news/walesnews/thievesstealingworkvansblackmailing16426362,2019.0,,,Yes,,Not Systemic,CWE-693,CVSS:3.0/AV:N/AC:L/PR:N/UI:N/S:U/C:N/I:H/A:N,7.5,3.887042775,3.5952,N,,,,,AAD,,Wireless Attack,Real Attack,Authentication,RFID Keyless Access System,Vehicle was stolen,Electronic Control Unit (ECU) Car Access ECU Keyless Access System
ATD-441,487.0,783,,ID2019_Heeds_SSA1#,ID2019_Heeds_SSA1,Key fob spoofing leads to theft of a Fiat Abarth,Police advice after key fob cloning equipment found in stolen Penwortham car Heeds   https://www.lancs.live/news/lancashirenews/policeadviceafterkeyfob17389208,2019.0,,,,Yes,Not Systemic,CWE-284,CVSS:3.0/AV:N/AC:L/PR:N/UI:N/S:U/C:N/I:H/A:N,7.5,3.887042775,3.5952,N,,,,,AAD,,Wireless Attack,Real Attack,Authentication,RFID,Car theft,Electronic Control Unit (ECU) Car Access ECU
ATD-442,488.0,679,,ID2019_Hetherington_SSA1#,ID2019_Hetherington_SSA1,Relay attack on keyless entry system of a Ford,Police issue warning after keyless car theft in Middlesbrough Hetherington   https://www.thenorthernecho.co.uk/news/17416620.policeissuewarningkeylesscartheftmiddlesbrough/,2019.0,,,Yes,Yes,Not Systemic,CWE-693,CVSS:3.0/AV:N/AC:L/PR:N/UI:N/S:U/C:N/I:H/A:N,7.5,3.887042775,3.5952,N,,,,,AAD,,Wireless Attack,Real Attack,Authentication,RFID,car theft,Electronic Control Unit (ECU) Car Access ECU
ATD-443,489.0,676,,ID2019_ITV_SSA1#,ID2019_ITV_SSA1,Relay attack on keyless entry system of a BMW,CCTV captures latest keyless theft in car crime 'epidemic' ITV   https://www.itv.com/news/meridian/20190123/cctvcaptureslatestkeylesstheftincarcrimeepidemic,2019.0,Yes,,Yes,,Potentially Systemic,CWE-693,CVSS:3.0/AV:N/AC:L/PR:N/UI:N/S:U/C:N/I:H/A:N,7.5,3.887042775,3.5952,N,,,,,AAD,,Wireless Attack,Real Attack,Authentication,RFID,car theft,Electronic Control Unit (ECU) Car Access ECU
ATD-444,490.0,753,,ID2019_ITV_SSA2#,ID2019_ITV_SSA2,Relay attack on keyless entry system of 16 different vehicles,16 cars stolen in a series of thefts across County Down and Armagh ITV   https://www.itv.com/news/utv/20191111/16carsstoleninaseriesoftheftsacrosscountydownandarmagh,2019.0,,Yes,,Yes,Not Systemic,CWE-693,CVSS:3.0/AV:N/AC:L/PR:N/UI:N/S:U/C:N/I:H/A:N,7.5,3.887042775,3.5952,N,,,,,AAD,,Wireless Attack,Real Attack,Authentication,RFID,Car theft/breakins,Electronic Control Unit (ECU) Car Access ECU
ATD-445,491.0,"602, 603",,"ID2019_Kaspersky_MSA1_Step1, ID2019_Kaspersky_MSA1_Step2_1#",ID2019_Kaspersky_MSA1,"During a security investigation of different third party tool like OBD Dongle, alarm systems, etc.  several vulnerabilities were found.","On the IoT road: perks, benefits and security of moving smartly Kaspersky   https://securelist.com/ontheiotroad/91833/",2019.0,Yes,,Yes,,Potentially Systemic,CWE-284,CVSS:3.0/AV:N/AC:L/PR:N/UI:N/S:U/C:H/I:N/A:N,7.5,3.887042775,3.5952,N,,,,,AAD,,"Wireless Attack, Hardware Attack",Real Attack,"Authentication, Integrity",Bluetooth,"Pairing between mobile device and OBDDongle possible without password# Malicious device gets access to the OBDDongle. Data, such as speed, engine output, boost, etc., can be read. However, there is no write access to the CAN bus attached to OBD",Electronic Control Unit (ECU)  OBDDongle with Bluetooth connection to Android or iOS mobile devices. AT90CAN12816MU microcontroller
ATD-446,492.0,"607, 608",,"ID2019_Kaspersky_MSA2_Step1, ID2019_Kaspersky_MSA2_Step2_1#",ID2019_Kaspersky_MSA2,"During a security investigation of different third party tool like OBD Dongle, alarm systems, etc.  several vulnerabilities were found.","On the IoT road: perks, benefits and security of moving smartly Kaspersky   https://securelist.com/ontheiotroad/91833/",2019.0,,,Yes,,Not Systemic,"CWE-693, CWE-284",CVSS:3.0/AV:N/AC:L/PR:N/UI:N/S:U/C:H/I:H/A:N,9.1,3.887042775,5.177088,N,,,,,AAD,,Wireless Attack,Real Attack,"Confidentiality, Authentication",TPMS,TPMS sensor signals can be read and analysed.# False pressure and temperature values are displayed in monitoring device,Component 1: Sensor Pressure Sensor TPMS Sensor  Component 2: Electronic Control Unit (ECU) Tire Presure Measurement System ECU Aftersales device for monitoring the pressure and temperature of the tires
ATD-447,493.0,"604, 605",,"ID2019_Kaspersky_MSA3_Step1, ID2019_Kaspersky_MSA3_Step2_1#",ID2019_Kaspersky_MSA3,"During a security investigation of different third party tool like OBD Dongle, alarm systems, etc.  several vulnerabilities were found.","On the IoT road: perks, benefits and security of moving smartly Kaspersky   https://securelist.com/ontheiotroad/91833/",2019.0,,Yes,,Yes,Not Systemic,CWE-284,CVSS:3.0/AV:N/AC:L/PR:L/UI:N/S:U/C:H/I:H/A:N,8.1,2.83525473,5.177088,N,,,,,AAD,,Wireless Attack,Real Attack,Authentication,Bluetooth,Access to Security System application without login# Vehicle doors were opened,Electronic Control Unit (ECU) Theft Warning ECU Smart Alarm System built into the car
ATD-448,494.0,606,,ID2019_Kaspersky_SSA1#,ID2019_Kaspersky_SSA1,Investigation of security issues on several third party devices uncovers several vulnerabilities,"On the IoT road: perks, benefits and security of moving smartly Kaspersky   https://securelist.com/ontheiotroad/91833/",2019.0,Yes,,Yes,,Not Systemic,CWE-284,CVSS:3.0/AV:P/AC:L/PR:L/UI:N/S:U/C:H/I:H/A:N,5.9,0.66711876,5.177088,P,,,,,AAD,,Hardware Attack,Real Attack,Confidentiality,Component OBDDongle External flash storage,"Decrypted firmware was extracted. Thus, arbitrary code could be injected.",Electronic Control Unit (ECU)  OBDDongle with wired USB interface
ATD-449,495.0,677,,ID2019_Keay_SSA1#,ID2019_Keay_SSA1,Relay attack on keyless entry system of a Land Rover,"Keyless car thieves steal Â£60,000 Land Rover Keay   https://www.dailymail.co.uk/news/article6652383/KeylesscarthievesstealRangeRoverSportworth60000HarborneBirmingham.html",2019.0,,,Yes,,Not Systemic,CWE-693,CVSS:3.0/AV:N/AC:L/PR:N/UI:N/S:U/C:N/I:H/A:N,7.5,3.887042775,3.5952,N,,,,,AAD,,Wireless Attack,Real Attack,Authentication,RFID,car theft,Electronic Control Unit (ECU) Car Access ECU
ATD-450,496.0,"759, 760, 761, 762, 763","CVE-2019-13582, CVE-2019-13581","ID2019_KeenLab_MSA1_Step1, ID2019_KeenLab_MSA1_Step2_1, ID2019_KeenLab_MSA1_Step3_2, ID2019_KeenLab_MSA1_Step4_3, ID2019_KeenLab_MSA1_Step5_4#",ID2019_KeenLab_MSA1,Two security vulnerabilities found in a Teslaâ€™s Model X and Model S Wi-Fi modules resulting in a buffer overflow attack,Exploiting WiFi Stack on Tesla Model S  KeenLab   https://keenlab.tencent.com/en/2020/01/02/exploitingwifistackonteslamodels/,2019.0,,,,Yes,Not Systemic,"CWE-710, CWE-693, CWE-707",CVSS:3.0/AV:L/AC:H/PR:N/UI:N/S:U/C:H/I:H/A:H,7.4,1.4372259,5.87311872,L,,,,,Common,"CVE-2019-13581, CVE-2019-13582",Software Attack,Real Attack,"Confidentiality, Integrity","WLAN The Marvell 88W8688 is a lowcost, lowpower highlyintegrated IEEE 802.11a/g/b MAC/Baseband/RF WLAN and Bluetooth Baseband/RF systemonchip (SoC). Marvell 88W8688 WiFi firmware before version p52, as used on Tesla Model S/X vehicles manufactured before March 2018, via the Parrot Faurecia Automotive FC6050W module","Debug, reset and download new Firmware# Heap overflow and DoS of firmware# Code execution on wifi chip# Stack overflow, shell code execution or DoS on Linux host system# Remote telnet access to port 23 of Linux",Electronic Control Unit (ECU) Telematics ECU
ATD-451,497.0,"700, 701",,"ID2019_Keen_MSA1_Step1, ID2019_Keen_MSA1_Step2_1#",ID2019_Keen_MSA1,Manipulation of AUTOPILOT ECU Firmware# Remote control of electric steering,Experimental Security Research of Tesla Autopilot Keen   https://keenlab.tencent.com/en/whitepapers/Experimental_Security_Research_of_Tesla_Autopilot.pdf,2019.0,,,Yes,,Not Systemic,"CWE-284, CWE-707",CVSS:3.0/AV:N/AC:H/PR:N/UI:N/S:U/C:H/I:H/A:N,7.4,2.2211673,5.177088,N,,,,,AAD,,"Software Attack, Wireless Attack",Real Attack,Integrity,"WLAN or Cellular, CANBus",Manipulation of AUTOPILOT ECU firmware# Tampering with the DSCM CAN message to control the electric steering,Electronic Control Unit (ECU)  APE (Autopilot) ECU
ATD-452,498.0,702,,ID2019_Keen_SSA1#,ID2019_Keen_SSA1,Adversarial examples are used to trigger the Autowiper function in a Tesla,Experimental Security Research of Tesla Autopilot Keen   https://keenlab.tencent.com/en/whitepapers/Experimental_Security_Research_of_Tesla_Autopilot.pdf,2019.0,,,Yes,,Not Systemic,CWE-693,CVSS:3.0/AV:A/AC:L/PR:N/UI:N/S:U/C:N/I:H/A:N,6.5,2.83525473,3.5952,A,,,,,AAD,,Artificial Intelligence Attack,Real Attack,Integrity,Camera,AIbased Autowiper function doesn't correct rain or moisture correctly,Electronic Control Unit (ECU)  APE (Autopilot) ECU
ATD-453,499.0,703,,ID2019_Keen_SSA2#,ID2019_Keen_SSA2,False stickers on the street mislead lane detection mechanism in a Telsa,Experimental Security Research of Tesla Autopilot Keen   https://keenlab.tencent.com/en/whitepapers/Experimental_Security_Research_of_Tesla_Autopilot.pdf,2019.0,,,Yes,,Not Systemic,CWE-693,CVSS:3.0/AV:N/AC:L/PR:N/UI:N/S:U/C:N/I:H/A:L,8.2,3.887042775,4.216656,N,,,,,AAD,,Environment Attack,Real Attack,Integrity,Camera,AIbased lane detection function detects wrong lane which leads to a safetycritical maneuver into the reverse lane,Electronic Control Unit (ECU)  APE (Autopilot) ECU
ATD-454,500.0,780,,ID2019_Kelly_SSA1#,ID2019_Kelly_SSA1,Relay attack on keyless entry system of five Ford Fiestas,Fans shock as cars are stolen during match Kelly   https://www.lancashiretelegraph.co.uk/news/18068575.fansshockcarsstolenmatch/,2019.0,,,Yes,,Not Systemic,CWE-693,CVSS:3.0/AV:N/AC:L/PR:N/UI:N/S:U/C:N/I:H/A:N,7.5,3.887042775,3.5952,N,,,,,AAD,,Wireless Attack,Real Attack,Authentication,RFID,Car theft,Electronic Control Unit (ECU) Car Access ECU
ATD-455,501.0,678,,ID2019_Kentonline_SSA1#,ID2019_Kentonline_SSA1,Relay attack on keyless entry system of a Nissan,Residents told to keep car keys in microwave after breakins of cars Kentonline   https://www.kentonline.co.uk/kmtv/video/residentstoldtokeepcarkeysinmicrowaveafterbreakinsofcars24228/,2019.0,,Yes,,,Not Systemic,CWE-693,CVSS:3.0/AV:N/AC:L/PR:N/UI:N/S:U/C:N/I:H/A:N,7.5,3.887042775,3.5952,N,,,,,AAD,,Wireless Attack,Real Attack,Authentication,RFID,car theft,Electronic Control Unit (ECU) Car Access ECU
ATD-456,502.0,693,,ID2019_Kloeckner_SSA1#,ID2019_Kloeckner_SSA1,Relay attack on keyless entry system of a BMW and an Audi,Vehicle thefts near Ramstein spotlight keyless entry vulnerabilities Kloeckner   https://www.stripes.com/news/vehicletheftsnearramsteinspotlightkeylessentryvulnerabilities1.573626,2019.0,,,,Yes,Not Systemic,CWE-693,CVSS:3.0/AV:N/AC:L/PR:N/UI:N/S:U/C:N/I:H/A:N,7.5,3.887042775,3.5952,N,,,,,AAD,,Wireless Attack,Real Attack,Authentication,RFID,car theft,Electronic Control Unit (ECU) Car Access ECU
ATD-457,503.0,688,,ID2019_Lim_SSA1#,ID2019_Lim_SSA1,Unlocking and starting a vehicle,Malaysian police arrested six men and a woman believed to have been involved in stealing 30 vehicles Lim   https://www.pressreader.com/malaysia/thestarmalaysia/20190222/281560882072807,2019.0,,Yes,,,Not Systemic,CWE-284,CVSS:3.0/AV:A/AC:L/PR:N/UI:N/S:U/C:L/I:H/A:N,7.1,2.83525473,4.216656,A,,,,,AAD,,Bus Attack,Real Attack,Authentication,OBD,car theft,Electronic Control Unit (ECU) Car Access ECU
ATD-458,504.0,754,,ID2019_Lisandru_SSA1#,ID2019_Lisandru_SSA1,Modification of functions such as hill-start assistance in Dacia vehciles by misusing the CAN programming tool ddt4all.,Dacia LOGAN oder SANDERO oder DOKKER oder DUSTER I DDT4ALL VERSTECKTE FEATURES Lisandru   https://lisandru.eu/automotive/ddt4allhacks/dacialogansanderoddt4allhiddenfeatures.html,2019.0,,Yes,,,Not Systemic,CWE-693,CVSS:3.0/AV:L/AC:L/PR:N/UI:N/S:U/C:N/I:H/A:N,6.2,2.515145325,3.5952,L,,,,,AAD,,Software Attack,Real Attack,Integrity,CANBus,Activate/Deactivate car functions or display elements,Electronic Control Unit (ECU)
ATD-459,505.0,772,,ID2019_Lisandru_SSA2#,ID2019_Lisandru_SSA2,Changing the media skin/theme in a Dacia via USB stick,How to update the templates on MEDIANAV EVOLUTION Dacia Renault Lisandru   https://lisandru.eu/automotive/renaultdaciamedianavtips/howtoupdatethetemplatesonmedianavevodaciaandrenault.html,2019.0,,,,Yes,Not Systemic,CWE-284,CVSS:3.0/AV:A/AC:L/PR:N/UI:N/S:U/C:N/I:H/A:N,6.5,2.83525473,3.5952,A,,,,,AAD,,Hardware Attack,Real Attack,Integrity,USB,Adjust media skin,Electronic Control Unit (ECU) Infotainment ECU
ATD-460,506.0,773,,ID2019_Lisandru_SSA3#,ID2019_Lisandru_SSA3,Modifying vehicle functions like seatbelt warning on a Dacia Duster by using the CAN programming tool DDT4ALL,Hidden Functions activated with DDT4ALL on Duster II Lisandru   https://lisandru.eu/automotive/ddt4allhacks/superchangeswithddt4allonyourduster.html,2019.0,,,Yes,,Not Systemic,CWE-693,CVSS:3.0/AV:A/AC:L/PR:N/UI:N/S:U/C:N/I:H/A:N,6.5,2.83525473,3.5952,A,,,,,AAD,,Diagnostic Attack DDT4ALL tool is mainly aimed at CAN ISO_TP network study.,Real Attack,Integrity,OBD,Adjust media skin,Electronic Control Unit (ECU) Infotainment ECU
ATD-461,507.0,784,,ID2019_Maloney_SSA1#,ID2019_Maloney_SSA1,Installing a hidden dongle leads to manipulation of the displayed odometer values.,Dashboard Dongle Teardown Reveals Hardware Needed To Bust Miles Maloney   https://hackaday.com/2019/12/16/dashboarddongleteardownrevealshardwareneededtobustmiles/,2019.0,Yes,,Yes,,Potentially Systemic,CWE-284,CVSS:3.0/AV:A/AC:L/PR:N/UI:N/S:U/C:N/I:H/A:N,6.5,2.83525473,3.5952,A,,,,,AAD,,Hardware Attack,Real Attack,Integrity,CANBus,Hidden dongle reduces odometer mileage through CAN connection,Electronic Control Unit (ECU) Instrument Cluster Communication Link between Dashboard and ECU
ATD-462,508.0,782,,ID2019_Mills_SSA1#,ID2019_Mills_SSA1,Relay attack on keyless entry system of 100 Toyota and Lexus vehicles,"Toyota, Lexus owners warned about thefts that use 'relay attacks' Mills   https://www.cbc.ca/news/canada/ottawa/toyotalexusrelayattack1.5380947",2019.0,,,Yes,,Not Systemic,CWE-693,CVSS:3.0/AV:N/AC:L/PR:N/UI:N/S:U/C:N/I:H/A:N,7.5,3.887042775,3.5952,N,,,,,AAD,,Wireless Attack,Real Attack,Authentication,RFID,Car theft,Electronic Control Unit (ECU) Car Access ECU
ATD-463,509.0,691,,ID2019_Morgan_SSA1#,ID2019_Morgan_SSA1,Relay attack on keyless entry system of six vehicles,Six of 11 new cars tested are found vulnerable to keyless entry hacking Morgan   https://www.autocar.co.uk/carnews/technology/carsvulnerablekeylessthefthighlightednewratings,2019.0,,,,Yes,Not Systemic,CWE-693,CVSS:3.0/AV:N/AC:L/PR:N/UI:N/S:U/C:N/I:H/A:N,7.5,3.887042775,3.5952,N,,,,,AAD,,Wireless Attack,Real Attack,Authentication,RFID,car theft,Electronic Control Unit (ECU) Car Access ECU
ATD-464,510.0,"609, 610, 611",,"ID2019_Morgulis_MSA1_Step1, ID2019_Morgulis_MSA1_Step2_1#, ID2019_Morgulis_MSA1_Step3_1#",ID2019_Morgulis_MSA1,Using adversarial examples (traffic signs) to attack traffic sign recognition system in vehicle,Fooling a Real Car with Adversarial Traffic Signs Morgulis   https://arxiv.org/ftp/arxiv/papers/1907/1907.00374.pdf,2019.0,,Yes,,,Not Systemic,"CWE-707, CWE-693",CVSS:3.0/AV:L/AC:H/PR:N/UI:N/S:U/C:N/I:H/A:L,5.7,1.4372259,4.216656,L,,,,,AAD,,"Artificial Intelligence Attack, Environment Attack",Real Attack,Integrity,Camera,"Adversarial examples can be used to mislead traffic sign recognition# Traffic Recognition could be fooled. Thus, speed limits were not recognized correctly# Traffic Recognition could be fooled up to 40 %. Thus, speed limits were not recognized correctly. In some cases, the attacks were not successful. However, there was a situation in which the traffic recognition did not work anymore (DenialofService).",# Component 1: Electronic Control Unit (ECU) Front View Camera Traffic Recognition  Component 2: Electronic Control Unit (ECU) Artificial Intelligence Platform Traffic Sign Recognition System
ATD-465,511.0,566,,ID2019_Munro_SSA1#,ID2019_Munro_SSA1,ELM327 OBD2 Bluetooth device misused to send malicious messages via Tesla's diagnostic interface to trigger vehicle functions.,Tesla Killer: The Fuzzed and the Furious Munro   https://www.pentestpartners.com/securityblog/teslakillerthefuzzedandthefurious/,2019.0,,Yes,,,Not Systemic,CWE-707,CVSS:3.0/AV:A/AC:L/PR:N/UI:N/S:U/C:N/I:H/A:N,6.5,2.83525473,3.5952,A,,,,,AAD,,Wireless Attack,Real Attack,Integrity,Bluetooth ELM327 OBDDongle,Messages can be sent to the CANBus by using the BluetoothOBDDongle,Electronic Control Unit (ECU)  ELM327 OBDDongle
ATD-466,512.0,612,,ID2019_Murray_SSA1#,ID2019_Murray_SSA1,Influencing the driving behavior of an autonomous car by manipulating navigation signals,Legal GNSS Spoofing and its Effects on Autonomous Vehicles Murray   Black Hat USA 2019 https://www.pcmag.com/news/bogussatellitenavsignalssendautonomouscarsofftheroad,2019.0,,,,Yes,Not Systemic,CWE-284,CVSS:3.0/AV:N/AC:L/PR:N/UI:N/S:U/C:N/I:H/A:L,8.2,3.887042775,4.216656,N,,,,,AAD,,Wireless Attack,Real Attack,Authentication,GPS,Vehicle drove of the streets by 4m of the original position,Component 1: Sensor  GPS Sensor (Receiver)  Component 2: Electronic Control Unit (ECU) Navigation ECU GPS Receiver
ATD-467,513.0,613,,ID2019_Murray_SSA2#,ID2019_Murray_SSA2,Influencing the driving behavior of an autonomous car by manipulating navigation signals,Legal GNSS Spoofing and its Effects on Autonomous Vehicles Murray   Black Hat USA 2019 https://www.pcmag.com/news/bogussatellitenavsignalssendautonomouscarsofftheroad,2019.0,,Yes,,,Not Systemic,CWE-693,CVSS:3.0/AV:N/AC:L/PR:N/UI:N/S:U/C:N/I:H/A:N,7.5,3.887042775,3.5952,N,,,,,AAD,,Wireless Attack,Real Attack,Authentication,GPS,Vehicle missed a turn and drove of the streets,Component 1: Sensor  GPS Sensor (Receiver)  Component 2: Electronic Control Unit (ECU) Navigation ECU GPS Receiver
ATD-468,514.0,614,,ID2019_Murray_SSA3#,ID2019_Murray_SSA3,Influencing the driving behavior of an autonomous car by manipulating navigation signals,Legal GNSS Spoofing and its Effects on Autonomous Vehicles Murray   Black Hat USA 2019 https://www.pcmag.com/news/bogussatellitenavsignalssendautonomouscarsofftheroad,2019.0,,,,Yes,Not Systemic,CWE-693,CVSS:3.0/AV:N/AC:L/PR:N/UI:N/S:U/C:N/I:H/A:L,8.2,3.887042775,4.216656,N,,,,,AAD,,Wireless Attack,Real Attack,Authentication,GPS,"During signal spoofing no effect visible, but as soon as the signal stops, the vehicle becomes unstable",Component 1: Sensor  GPS Sensor (Receiver)  Component 2: Electronic Control Unit (ECU) Navigation ECU GPS Receiver
ATD-469,515.0,625,,ID2019_Neef_SSA1#,ID2019_Neef_SSA1,Influencing LiDAR sensors by hiding road objects with black trash bag which absorbs LiDAR signals,Hacking LIDAR: Changing What Autonomous Vehicles See Neef   https://unicornriot.ninja/2019/hackinglidarchangingwhatautonomousvehiclessee/ Attack performed by Dr. Richard Hansen in cooperation with Hawk Security,2019.0,,,Yes,,Not Systemic,CWE-693,CVSS:3.0/AV:N/AC:L/PR:N/UI:N/S:U/C:N/I:H/A:N,7.5,3.887042775,3.5952,N,,,,,AAD,,Environment Attack,Real Attack,Integrity,LiDAR,Road objects could not be detected by the LiDAR,Sensor LiDAR Sensor
ATD-470,516.0,626,,ID2019_Neef_SSA2#,ID2019_Neef_SSA2,Influencing LiDAR sensors by throwing powder in front of the LiDAR sensor,Hacking LIDAR: Changing What Autonomous Vehicles See Neef   https://unicornriot.ninja/2019/hackinglidarchangingwhatautonomousvehiclessee/ Attack performed by Dr. Richard Hansen in cooperation with Hawk Security,2019.0,Yes,,Yes,,Potentially Systemic,CWE-693,CVSS:3.0/AV:N/AC:L/PR:N/UI:R/S:U/C:N/I:H/A:N,6.5,2.83525473,3.5952,N,,,,,AAD,,Environment Attack,Real Attack,Integrity,LiDAR,LiDAR sensor detected a wall which led to the car to a stop,Sensor LiDAR Sensor
ATD-471,517.0,"704, 705",,"ID2019_Nespral_MSA1_Step1, ID2019_Nespral_MSA1_Step2_1#",ID2019_Nespral_MSA1,Key fob spoofing attack unlocks car,A recreation of Samy Kamkar's rolljam attack Nespral   https://hackaday.io/project/164566howtohackacar,2019.0,,Yes,,,Not Systemic,"CWE-693, CWE-284",CVSS:3.0/AV:N/AC:L/PR:N/UI:R/S:U/C:N/I:H/A:N,6.5,2.83525473,3.5952,N,,,,,AAD,,Wireless Attack,Real Attack,"Availability, Authentication",RFID,unlock cars,Electronic Control Unit (ECU) Car Access ECU
ATD-472,518.0,573,,ID2019_Newsroom_SSA1#,ID2019_Newsroom_SSA1,Relay attack on keyless entry system of a vehicle,Thieves exploiting keyless car vulnerability Newsroom   https://kobi5.com/news/thievesexploitingkeylesscarvulnerability102608/,2019.0,,,Yes,,Not Systemic,CWE-693,CVSS:3.0/AV:N/AC:L/PR:N/UI:N/S:U/C:N/I:H/A:N,7.5,3.887042775,3.5952,N,,,,,AAD,,Wireless Attack,Real Attack,Authentication,RFID Keyless Access System,"Vehicle was opened, started, and nearly stolen",Electronic Control Unit (ECU) Car Access ECU Keyless Access System
ATD-473,519.0,698,,ID2019_Ng_SSA1#,ID2019_Ng_SSA1,Vulnerablities in SmartAlarm Systems lead to control over engine start and stop functions as well as the car alarm,Smart alarms left 3 million cars vulnerable to hackers who could turn off motors Ng   https://www.cnet.com/tech/servicesandsoftware/smartalarmsleft3mcarsvulnerabletohackerswhocouldturnoffmotors/,2019.0,,,Yes,,Not Systemic,CWE-284,CVSS:3.0/AV:N/AC:L/PR:N/UI:N/S:U/C:N/I:H/A:N,7.5,3.887042775,3.5952,N,,,,,AAD,,Software Attack,Real Attack,Availability,Cellular,"activation or deactivation of car alarms remotely, stop engine (also while vehicle is in motion)",Electronic Control Unit (ECU)  SmartAlarm Systems from thirdparty provider
ATD-474,520.0,769,,ID2019_Nxumalo_SSA1#,ID2019_Nxumalo_SSA1,Social engineering used to convince vehicle owners to system upgrades which enabled criminals to steal the vehicles,Car companies warn of theft syndicates trying to scam owners Nxumalo   https://www.iol.co.za/mercury/news/carcompanieswarnoftheftsyndicatestryingtoscamowners36810441,2019.0,,,Yes,,Not Systemic,CWE-693,CVSS:3.0/AV:N/AC:L/PR:L/UI:R/S:U/C:H/I:L/A:N,6.3,2.068068156,4.216656,N,,,,,AAD,,"Software Attack criminals either hacked into the dealershipâ€™s system and stole peopleâ€™s information, or there were people working within the dealerships who leaked customersâ€™ information.",Real Attack,Confidentiality,Software,"Car theft, fraud",
ATD-475,521.0,709,,ID2019_Parallax_SSA1#,ID2019_Parallax_SSA1,Spoofing of the key fob of a Ford,This hack could take control of your Ford Parallax   https://www.theparallax.com/hackerfordkeyfobvulnerability/,2019.0,,Yes,Yes,,Not Systemic,CWE-284,CVSS:3.0/AV:A/AC:L/PR:N/UI:N/S:U/C:N/I:H/A:N,6.5,2.83525473,3.5952,A,,,,,AAD,,Wireless Attack,Real Attack,Authentication,RFID,"Reset rolling key table at the vehicle, unlock car",Electronic Control Unit (ECU) Car Access ECU
ATD-476,522.0,574,,ID2019_Potter_SSA1#,ID2019_Potter_SSA1,Relay attack on keyless entry system of a vehicle,Watch: Video appears to show keyless entry hacking device used to open locked car door Potter   https://www.ipswichstar.co.uk/news/ipswichcartheftsuspectcctvvideo2850216,2019.0,,,,Yes,Not Systemic,CWE-693,CVSS:3.0/AV:N/AC:L/PR:N/UI:N/S:U/C:N/I:H/A:N,7.5,3.887042775,3.5952,N,,,,,AAD,,Wireless Attack,Real Attack,Authentication,RFID Keyless Access System,Vehicle was opened and searched,Electronic Control Unit (ECU) Car Access ECU Keyless Access System
ATD-477,523.0,694,,ID2019_Pridding_SSA1#,ID2019_Pridding_SSA1,Relay attack on keyless entry system of two Peugeots,Two cars stolen from homes in South Derbyshire Pridding   https://www.derbytelegraph.co.uk/burton/twocarsstolenhomessouth2738420,2019.0,,Yes,,,Not Systemic,CWE-693,CVSS:3.0/AV:N/AC:L/PR:N/UI:N/S:U/C:N/I:H/A:N,7.5,3.887042775,3.5952,N,,,,,AAD,,Wireless Attack,Real Attack,Authentication,RFID,car theft,Electronic Control Unit (ECU) Car Access ECU
ATD-478,524.0,"770, 771",,"ID2019_Raz_MSA1_Step1, ID2019_Raz_MSA1_Step2_1#",ID2019_Raz_MSA1,Tire Pressure Monitoring System (TPMS) signals can be intercepted and spoofed,Under Pressure: Real world damage with TPMS spoofing Raz   https://def.camp/speaker/inbarraz3/ https://www.youtube.com/watch?v=sOOwenOM4os,2019.0,,,,Yes,Not Systemic,"CWE-693, CWE-284",CVSS:3.0/AV:N/AC:L/PR:N/UI:N/S:U/C:H/I:H/A:N,9.1,3.887042775,5.177088,N,,,,,AAD,,Wireless Attack,Real Attack,"Confidentiality, Authentication",TPMS,Reverse engineer TPMS commands# Driver distraction due to tire pressure warning,Electronic Control Unit (ECU) Tire Presure Measurement System ECU
ATD-479,525.0,582,,ID2019_Regulus_SSA1#,ID2019_Regulus_SSA1,Spoofing GPS data to Tesla Model 3 and Tesla Model S to influence the driving behavior of the vehicles.,Tesla Model 3 Spoofed Off Highway Regulus   https://www.bloomberg.com/news/articles/20190619/threatofgpsspoofingforautonomouscarsseenasoverblown,2019.0,,,,Yes,Not Systemic,CWE-284,CVSS:3.0/AV:N/AC:L/PR:N/UI:N/S:U/C:N/I:H/A:N,7.5,3.887042775,3.5952,N,,,,,AAD,,Wireless Attack,Real Attack,Authentication,GPS,Vehicle was braking and took another road.,Electronic Control Unit (ECU) Navigation ECU Navigate on Autopilot feature
ATD-480,526.0,764,,ID2019_Rekawek_SSA1#,ID2019_Rekawek_SSA1,"During a security investigation of Skoda mobile app API, a researcher establishes a connection and opens a new account",How I hacked Volkswagen and Skoda. A story about Volkswagen Group Car Remote Hacking.  Rekawek   https://blog.vensis.pl/2019/11/vwhacking/,2019.0,Yes,,Yes,,Potentially Systemic,CWE-284,CVSS:3.0/AV:N/AC:L/PR:N/UI:N/S:U/C:H/I:N/A:N,7.5,3.887042775,3.5952,N,,,,,AAD,,Wireless Attack,Real Attack,Confidentiality,Cellular CarNet mobile application,"Obtain any carâ€™s vehicleHealthReports list, get access to vehicleHealthReport details of any car (date of the report, mileage, full diagnostics details of the car and more)",Electronic Control Unit (ECU) Telematics ECU
ATD-481,527.0,766,,ID2019_Rekawek_SSA2#,ID2019_Rekawek_SSA2,"During a security investigation of Skoda mobile app API, the health report generation function can be attacked by a denial of service attack",How I hacked Volkswagen and Skoda. A story about Volkswagen Group Car Remote Hacking.  Rekawek   https://blog.vensis.pl/2019/11/vwhacking/,2019.0,,,Yes,,Not Systemic,CWE-284,CVSS:3.0/AV:N/AC:L/PR:N/UI:N/S:U/C:N/I:N/A:H,7.5,3.887042775,3.5952,N,,,,,AAD,,Software Attack,Real Attack,Availability,Cellular CarNet mobile application,globally block VehicleHealthReports for any car,Electronic Control Unit (ECU) Telematics ECU
ATD-482,528.0,765,,ID2019_Rekawek_SSA3#,ID2019_Rekawek_SSA3,"During a security investigation of Skoda mobile app API, all VIN numbers registered to the app can be brute forced to acquire health reports for these vehicles from the Volkswagen backend server",How I hacked Volkswagen and Skoda. A story about Volkswagen Group Car Remote Hacking.  Rekawek   https://blog.vensis.pl/2019/11/vwhacking/,2019.0,Yes,,Yes,,Potentially Systemic,CWE-284,CVSS:3.0/AV:N/AC:L/PR:N/UI:N/S:U/C:H/I:N/A:N,7.5,3.887042775,3.5952,N,,,,,AAD,,Cryptographic Attack,Analysis,Confidentiality,Cellular CarNet mobile application,"Due to lack of mechanism limiting number of requests per minute, it is theoretically possible to make an attempt of enumerating all vulnerable VINs and request vehicle health reports",Electronic Control Unit (ECU) Telematics ECU
ATD-483,529.0,786,,ID2019_Rndash_SSA1#,ID2019_Rndash_SSA1,Custom Android app and an Arduino is used to send malicious messages over the CAN bus to control vehicle features like ESP or hazard lights,Made my old Merc put on a small lights show using an Arduino  Rndash   https://github.com/rndash/W203canbus,2019.0,Yes,,Yes,,Potentially Systemic,CWE-284,CVSS:3.0/AV:A/AC:L/PR:N/UI:N/S:U/C:N/I:H/A:N,6.5,2.83525473,3.5952,A,,,,,AAD,,Software Attack,Real Attack,Integrity,CANBus,Control lights of car system via Android app,Electronic Control Unit (ECU) Infotainment ECU
ATD-484,530.0,"592, 593",,"ID2019_Rose_MSA1_Step1, ID2019_Rose_MSA1_Step2_1#",ID2019_Rose_MSA1,Different capture-replay attacks of key fob signals enable attackers to unlock and start the vehicle,How to Break into a Jeep When You Donâ€™t Have A Knife Rose   https://www.bcsecurity.org/post/howtobreakintoajeepwhenyoudonthaveaknife,2019.0,,,Yes,,Not Systemic,"CWE-693, CWE-284",CVSS:3.0/AV:N/AC:L/PR:N/UI:N/S:U/C:H/I:H/A:N,9.1,3.887042775,5.177088,N,,,,,AAD,,Wireless Attack,Real Attack,"Confidentiality, Authentication",RFID,Unlock command could be gathered# Unlock command could be used two times to open the car what should be prohibitted by the rolling code scheme,Actuator Key Transponder 315 MHz# Component 1: Actuator Key Transponder 315 MHz  Component 2: Electronic Control Unit (ECU) Car Access ECU
ATD-485,531.0,"594, 595, 596",,"ID2019_Rose_MSA2_Step1, ID2019_Rose_MSA2_Step2_1, ID2019_Rose_MSA2_Step3_2#",ID2019_Rose_MSA2,Different capture-replay attacks of key fob signals enable attackers to unlock and start the vehicle,How to Break into a Jeep When You Donâ€™t Have A Knife Rose   https://www.bcsecurity.org/post/howtobreakintoajeepwhenyoudonthaveaknife,2019.0,,,Yes,,Not Systemic,"CWE-693, CWE-284",CVSS:3.0/AV:N/AC:L/PR:N/UI:N/S:U/C:H/I:H/A:H,9.8,3.887042775,5.87311872,N,,,,,AAD,,Wireless Attack,Real Attack,"Confidentiality, Authentication",RFID,Engine start command could be gathered# Engine could be started remotely# Engine could be started remotely for one time. After killing the engine the vehicle could not be started again.  The continously repeated starting command led to a state in which the vehicle did not accept any other key fob commands.,Component 1: Actuator Key Transponder 315 MHz  Component 2: Electronic Control Unit (ECU) Car Access ECU
ATD-486,532.0,670,,ID2019_Rutter_SSA1#,ID2019_Rutter_SSA1,Relay attack on keyless entry system of a Range Rover,Sutton womanâ€™s white Â£30k Range Rover Evoque that was stolen from her home â€˜found safe and undamagedâ€™ Rutter   https://www.elystandard.co.uk/news/stolenrangeroverinsuttonfound4902254,2019.0,Yes,,Yes,,Potentially Systemic,CWE-693,CVSS:3.0/AV:N/AC:L/PR:N/UI:N/S:U/C:N/I:H/A:N,7.5,3.887042775,3.5952,N,,,,,AAD,,Wireless Attack,Real Attack,Authentication,RFID,car theft,Electronic Control Unit (ECU) Car Access ECU
ATD-487,533.0,567,,ID2019_Saunt_SSA1#,ID2019_Saunt_SSA1,Relay attack on keyless entry system of a Tesla,"Astonishing moment thieves use keyless hack to steal a Â£90,000 Tesla in SECONDS from its owner's driveway Saunt   https://www.dailymail.co.uk/news/article7380763/Robbersusekeylesshacksteal90000Tesla30seconds.html?ico=embedded",2019.0,Yes,,Yes,,Potentially Systemic,CWE-693,CVSS:3.0/AV:N/AC:L/PR:N/UI:N/S:U/C:N/I:H/A:N,7.5,3.887042775,3.5952,N,,,,,AAD,,Wireless Attack,Real Attack,Authentication,RFID Keyless Access System,Vehicle was stolen,Electronic Control Unit (ECU) Car Access ECU Keyless Access System
ATD-488,534.0,569,,ID2019_Saunt_SSA2#,ID2019_Saunt_SSA2,Relay attack on keyless entry system of a Audi RS5,"ANOTHER one gone in 60 seconds! Keyless car thieves steal Â£60,000 Audi RS5 in under a minute from outside family home (using device you can buy online for just Â£80) Saunt   https://www.dailymail.co.uk/news/article7588701/Keylesscarthievessteal60000AudiRS5minuteoutsidefamilyhome.html",2019.0,,,Yes,,Not Systemic,CWE-693,CVSS:3.0/AV:N/AC:L/PR:N/UI:N/S:U/C:N/I:H/A:N,7.5,3.887042775,3.5952,N,,,,,AAD,,Wireless Attack,Real Attack,Authentication,RFID Keyless Access System,Vehicle was stolen,Electronic Control Unit (ECU) Car Access ECU Keyless Access System
ATD-489,535.0,697,,ID2019_Shmee_SSA1#,ID2019_Shmee_SSA1,Relay attack on keyless entry system of a vehicle,It's this SHOCKINGLY Easy to Steal a Car!? Bye Bye My Focus RS Shmee   https://www.youtube.com/watch?v=U9IhrMExnzM,2019.0,,Yes,Yes,Yes,Not Systemic,CWE-693,CVSS:3.0/AV:N/AC:L/PR:N/UI:N/S:U/C:N/I:H/A:N,7.5,3.887042775,3.5952,N,,,,,AAD,,Wireless Attack,Real Attack,Authentication,RFID,car theft,Electronic Control Unit (ECU) Car Access ECU
ATD-490,536.0,684,,ID2019_Sleigh_SSA1#,ID2019_Sleigh_SSA1,Relay attack on keyless entry system of a BMW,"Thieves use hitech gadget to steal Â£25,000 keyless BMW Sleigh   https://www.standard.co.uk/news/crime/momentthievesusehitechgadgettostealps25000keylessbmwa4077611.html",2019.0,Yes,,Yes,,Potentially Systemic,CWE-693,CVSS:3.0/AV:N/AC:L/PR:N/UI:N/S:U/C:N/I:H/A:N,7.5,3.887042775,3.5952,N,,,,,AAD,,Wireless Attack,Real Attack,Authentication,RFID,car theft,Electronic Control Unit (ECU) Car Access ECU
ATD-491,537.0,687,,ID2019_Stafford_SSA1#,ID2019_Stafford_SSA1,Controlling several vehicle functions of a Chevrolet Volt using a custom Raspberry Pi and a modem.,Hacking my Volt with a Raspberry Pi Stafford   https://blog.ktpanda.org/2019/02/hackingmyvoltwithraspberrypipart1.html,2019.0,Yes,Yes,Yes,,Potentially Systemic,CWE-284,CVSS:3.0/AV:A/AC:L/PR:N/UI:N/S:U/C:N/I:H/A:N,6.5,2.83525473,3.5952,A,,,,,AAD,,Bus Attack,Real Attack,Authentication,OBD,control of different vehicle functions,Component 1: Electronic Control Unit (ECU) Car Access ECU   Component 2: Electronic Control Unit (ECU) Heating ECU
ATD-492,538.0,"617, 618, 619",,"ID2019_Stykas_MSA1_Step1, ID2019_Stykas_MSA1_Step2_1, ID2019_Stykas_MSA1_Step3_2#",ID2019_Stykas_MSA1,"Security investigation of three vehicle tracking app APIs uncovered several vulnerabilities. Thus, vehicles can be tracked and immobilized by an attacker",Lojackâ€™d: Pwning Smart vehicle trackers Stykas   https://www.pentestpartners.com/securityblog/lojackdpwningsmartvehicletrackers/,2019.0,,,,Yes,Not Systemic,"CWE-693, CWE-664",CVSS:3.0/AV:L/AC:L/PR:N/UI:N/S:U/C:H/I:H/A:H,8.4,2.515145325,5.87311872,L,,,,,AAD,,Software Attack,Real Attack,"Integrity, Confidentiality","Software Tracker Touch mobile app from LoJack/Tracker, GPS LoJack Tracker GPS connection",Theft alert is forwarded to thief# RealTime tracking of vehicle# Vehicle can be stolen without any alert to police,"Electronic Control Unit (ECU) Theft Warning ECU Lojack tracking device,  Tracker Touch mobile app"
ATD-493,539.0,"620, 621, 622",,"ID2019_Stykas_MSA2_Step1, ID2019_Stykas_MSA2_Step2_1, ID2019_Stykas_MSA2_Step3_2#",ID2019_Stykas_MSA2,"Security investigation of three vehicle tracking app APIs uncovered several vulnerabilities. Thus, vehicles can be tracked and immobilized by an attacker",Lojackâ€™d: Pwning Smart vehicle trackers Stykas   https://www.pentestpartners.com/securityblog/lojackdpwningsmartvehicletrackers/,2019.0,,,Yes,,Not Systemic,"CWE-693, CWE-664",CVSS:3.0/AV:L/AC:L/PR:N/UI:N/S:U/C:H/I:H/A:N,7.7,2.515145325,5.177088,L,,,,,AAD,,Software Attack,Real Attack,"Integrity, Confidentiality","Software Application of TrackStar device subscription, GPS TrackStar GPS connection, Software TrackStar mobile app",All listed devices can be deleted. Logins and phone numbers of all users available. Password for mobile app is available. This results in access to the mobiel apps of all cars# RealTime tracking of vehicle# Vehicle can be stolen without any alert to police,# Electronic Control Unit (ECU) Theft Warning ECU TrackStar tracking device
ATD-494,540.0,"623, 624",,"ID2019_Stykas_MSA3_Step1, ID2019_Stykas_MSA3_Step2_1#",ID2019_Stykas_MSA3,"Security investigation of three vehicle tracking app APIs uncovered several vulnerabilities. Thus, vehicles can be tracked and immobilized by an attacker",Lojackâ€™d: Pwning Smart vehicle trackers Stykas   https://www.pentestpartners.com/securityblog/lojackdpwningsmartvehicletrackers/,2019.0,,,Yes,,Not Systemic,CWE-693,CVSS:3.0/AV:L/AC:L/PR:N/UI:N/S:U/C:N/I:H/A:H,7.7,2.515145325,5.177088,L,,,,,AAD,,Software Attack,Real Attack,"Integrity, Availability",Software SmartTrack mobile app,Vehicle can be stolen without any alert to police# Vehicle could not be started. Potential saftey issues if that command is triggered while driving. This could be triggered for all vehicles connected to the server,Electronic Control Unit (ECU) Theft Warning ECU SmartTrack tracking device
ATD-495,541.0,767,,ID2019_Sugawara_SSA1#,ID2019_Sugawara_SSA1,Injecting voice commands in Tesla and Ford vehicles can unlock the and start the cars,Light Commands: LaserBased Audio Injection Attacks on VoiceControllable Systems Sugawara   https://www.usenix.org/conference/usenixsecurity20/presentation/sugawara,2019.0,,Yes,,,Not Systemic,CWE-284,CVSS:3.0/AV:N/AC:L/PR:N/UI:N/S:U/C:N/I:H/A:N,7.5,3.887042775,3.5952,N,,,,,AAD,,Wireless Attack,Real Attack,Integrity,Component MEMS Microphpnes controlled by voice commands,Unlock voice controlled cars and start engine,Electronic Control Unit (ECU) Car Access ECU
ATD-496,542.0,681,,ID2019_Sun_SSA1#,ID2019_Sun_SSA1,Relay attack on keyless entry system of several vehicles,The Sun's investigation team was able to pinch ten cars in just a few moments Sun   https://www.thesun.co.uk/news/8406759/keylesscarsstoleninsecondslegalgadget/,2019.0,Yes,,Yes,,Potentially Systemic,CWE-693,CVSS:3.0/AV:N/AC:L/PR:N/UI:N/S:U/C:N/I:H/A:N,7.5,3.887042775,3.5952,N,,,,,AAD,,Wireless Attack,Real Attack,Authentication,RFID,car theft,Electronic Control Unit (ECU) Car Access ECU
ATD-497,543.0,575,,ID2019_TellerReport_SSA1#,ID2019_TellerReport_SSA1,Relay attack on keyless entry system of at least 65 vehicles,Lille: dismantling of a car theft network by electronic piracy TellerReport   https://www.tellerreport.com/news/20190629lilledismantlingofacartheftnetworkbyelectronicpiracy.SkCFzJrgH.html,2019.0,,,,Yes,Not Systemic,CWE-693,CVSS:3.0/AV:N/AC:L/PR:N/UI:N/S:U/C:N/I:H/A:N,7.5,3.887042775,3.5952,N,,,,,AAD,,Wireless Attack,Real Attack,Authentication,RFID Keyless Access System,Vehicles were stolen. Thieves were caught.,Electronic Control Unit (ECU) Car Access ECU Keyless Access System
ATD-498,544.0,751,,ID2019_Torchinsky_SSA1#,ID2019_Torchinsky_SSA1,Spoofing position signal via GPS leads to display of false positions,There's Something Very Weird Going on With Cars' GPS Systems at the Geneva Motor Show Torchinsky   https://jalopnik.com/theressomethingveryweirdgoingonwithcarsgpssyst1833138071,2019.0,,Yes,,Yes,Not Systemic,CWE-284,CVSS:3.0/AV:N/AC:L/PR:N/UI:N/S:U/C:N/I:H/A:H,9.1,3.887042775,5.177088,N,,,,,AAD,,Wireless Attack,Real Attack,Authentication,GPS,Different car models display wrong position and wrong date,Electronic Control Unit (ECU) Navigation ECU
ATD-499,545.0,686,,ID2019_Troughton_SSA1#,ID2019_Troughton_SSA1,Relay attack on keyless entry system of three Range Rovers,Three Range Rovers stolen by the keyless entry method Troughton   https://www.leicestermercury.co.uk/news/threerangeroversstolendriveways2565616?_ga=2.158810554.1002076112.15513515561055961650.1551351556,2019.0,Yes,Yes,Yes,,Potentially Systemic,CWE-693,CVSS:3.0/AV:N/AC:L/PR:N/UI:N/S:U/C:N/I:H/A:N,7.5,3.887042775,3.5952,N,,,,,AAD,,Wireless Attack,Real Attack,Authentication,RFID,car theft,Electronic Control Unit (ECU) Car Access ECU
ATD-500,546.0,"627, 628, 629",,"ID2019_Urquhart_MSA1_Step1, ID2019_Urquhart_MSA1_Step2_1, ID2019_Urquhart_MSA1_Step3_2#",ID2019_Urquhart_MSA1,Several vulnerbailities found in a Skoda Octavia vRS 2017 during a security investigation,CyberSecurity Internals of s Skoda Octavia vRS: A Hands on Approach Urquhart 10.1109/ACCESS.2019.2943837  IEEE Access,2019.0,,Yes,,,Not Systemic,"CWE-693, CWE-284",CVSS:3.0/AV:N/AC:L/PR:N/UI:R/S:U/C:H/I:H/A:H,8.8,2.83525473,5.87311872,N,,,,,AAD,,Wireless Attack,Real Attack,"Availability, Confidentiality, Authentication",RFID,Opening signal is blocked# Key fob commands can be read and analyzed# Access to vehicle,Component 1: Electronic Control Unit (ECU) Car Access ECU   Component 2: Actuator Key Transponder
ATD-501,547.0,"630, 631, 632",,"ID2019_Urquhart_MSA2_Step1, ID2019_Urquhart_MSA2_Step2_1, ID2019_Urquhart_MSA2_Step3_2#",ID2019_Urquhart_MSA2,Several vulnerbailities found in a Skoda Octavia vRS 2017 during a security investigation,CyberSecurity Internals of s Skoda Octavia vRS: A Hands on Approach Urquhart 10.1109/ACCESS.2019.2943837  IEEE Access,2019.0,,,Yes,Yes,Not Systemic,CWE-664,CVSS:3.0/AV:N/AC:L/PR:N/UI:N/S:U/C:H/I:N/A:N,7.5,3.887042775,3.5952,N,,,,,AAD,,Software Attack,Real Attack,Confidentiality,WLAN WiFi network (simulates compromised network),"Port 15361 responded with vehicle speed, GPS location, telephone information, and other privacyrelated information# Meterpreter command shell could be opened# WebServer pages could be accessed on port 49101 which contained information like GPS location, spedd, etc.",Electronic Control Unit (ECU) Infotainment ECU Modular Infotainment System (MIB). QNX Neutrino RTOS
ATD-502,548.0,"633, 634, 635",,"ID2019_Urquhart_MSA3_Step1, ID2019_Urquhart_MSA3_Step2_1, ID2019_Urquhart_MSA3_Step3_2#",ID2019_Urquhart_MSA3,Several vulnerbailities found in a Skoda Octavia vRS 2017 during a security investigation,CyberSecurity Internals of s Skoda Octavia vRS: A Hands on Approach Urquhart 10.1109/ACCESS.2019.2943837  IEEE Access,2019.0,,,,Yes,Not Systemic,"CWE-693, CWE-707",CVSS:3.0/AV:A/AC:L/PR:N/UI:N/S:U/C:H/I:H/A:N,8.1,2.83525473,5.177088,A,,,,,AAD,,"Bus Attack, Diagnostic Attack, Software Attack",Real Attack,"Confidentiality, Integrity",OBD,"Protocol was identified, sniffing and sending messages possible# Data like diagnostic information could be captured# Start/Stop system could be disabled",Electronic Control Unit (ECU) Central Gateway Gateway Module# Component 1: Electronic Control Unit (ECU) Central Gateway Gateway Module  Component 2: Electronic Control Unit (ECU)  Start/Stop ECU
ATD-503,549.0,"637, 638",,"ID2019_Urquhart_MSA4_Step1, ID2019_Urquhart_MSA4_Step2_1#",ID2019_Urquhart_MSA4,Several vulnerbailities found in a Skoda Octavia vRS 2017 during a security investigation,CyberSecurity Internals of s Skoda Octavia vRS: A Hands on Approach Urquhart 10.1109/ACCESS.2019.2943837  IEEE Access,2019.0,,,Yes,,Not Systemic,CWE-693,CVSS:3.0/AV:A/AC:L/PR:N/UI:N/S:U/C:L/I:H/A:N,7.1,2.83525473,4.216656,A,,,,,AAD,,Software Attack,Real Attack,Integrity,OBD,"Access to developer options in Infotainment ECU possible# Data can be stored on USB drive, developer information like network and phone logs, VW logs, vehicle states, etc. can be acquired",Electronic Control Unit (ECU) Infotainment ECU
ATD-504,550.0,"639, 640, 641",,"ID2019_Urquhart_MSA5_Step1, ID2019_Urquhart_MSA5_Step2_1, ID2019_Urquhart_MSA5_Step3_2#",ID2019_Urquhart_MSA5,Several vulnerbailities found in a Skoda Octavia vRS 2017 during a security investigation,CyberSecurity Internals of s Skoda Octavia vRS: A Hands on Approach Urquhart 10.1109/ACCESS.2019.2943837  IEEE Access,2019.0,,,Yes,Yes,Not Systemic,"CWE-664, CWE-707, CWE-693",CVSS:3.0/AV:L/AC:L/PR:N/UI:N/S:U/C:H/I:H/A:N,7.7,2.515145325,5.177088,L,,,,,AAD,,Software Attack,Real Attack,"Confidentiality, Integrity","OBD, Software",Firmware available for modifications# Break Horsepower was in increased by 32. Torque was increased by 45 Nm. Savings of 7 mpg,Electronic Control Unit (ECU) Engine ECU
ATD-505,551.0,636,,ID2019_Urquhart_SSA1#,ID2019_Urquhart_SSA1,Activating vehicle functions and configuring/enabling additional functions of a Skoda Octavia vRS 2017.,CyberSecurity Internals of s Skoda Octavia vRS: A Hands on Approach Urquhart 10.1109/ACCESS.2019.2943837  IEEE Access,2019.0,,Yes,,Yes,Not Systemic,CWE-693,CVSS:3.0/AV:A/AC:L/PR:N/UI:N/S:U/C:N/I:H/A:N,6.5,2.83525473,3.5952,A,,,,,AAD,,Hardware Attack,Real Attack,Authentication,OBD,Activating reverse mirror dip possible. Enabling high beam assist which is a feature that can be bought from Skoda,Electronic Control Unit (ECU) Central Gateway Gateway Module
ATD-506,552.0,685,,ID2019_Vincent_SSA1#,ID2019_Vincent_SSA1,Relay attack on keyless entry system of a BMW,CCTV captures masked robber using a key scanning device to steal owner's BMW from their driveway in just 20 seconds Vincent   https://www.dailymail.co.uk/news/article6750631/CCTVcapturesmaskedrobberusingkeyscanningdevicestealBMWdrivewayjust20seconds.html,2019.0,Yes,Yes,Yes,Yes,Potentially Systemic,CWE-693,CVSS:3.0/AV:N/AC:L/PR:N/UI:N/S:U/C:N/I:H/A:N,7.5,3.887042775,3.5952,N,,,,,AAD,,Wireless Attack,Real Attack,Authentication,RFID,car theft,Electronic Control Unit (ECU) Car Access ECU
ATD-507,553.0,"586, 587, 588, 589, 590",,"ID2019_Wouters_MSA1_Step1, ID2019_Wouters_MSA1_Step2_1, ID2019_Wouters_MSA1_Step3_2, ID2019_Wouters_MSA1_Step4_3, ID2019_Wouters_MSA1_Step5_4#",ID2019_Wouters_MSA1,Tesla key fob contains vulnerability which reduces the complexity for brute forcing the encryption algorithm to finding two 40-bit keys,"Fast, Furious and Insecure:Passive Keyless Entry and Start Systems inModern Supercars Wouters DOI:10.13154/tches.v2019.i3.6685 ISSN 25692925 .IACR Transactions on Cryptographic Hardware and Embedded Systems  https://tches.iacr.org/index.php/TCHES/article/view/8289/7639",2019.0,Yes,Yes,Yes,Yes,Not Systemic,"CWE-693, CWE-284, CWE-710",CVSS:3.0/AV:P/AC:H/PR:N/UI:N/S:U/C:H/I:N/A:N,4.2,0.5226276,3.5952,P,,,,,AAD,,"Hardware Attack, Software Attack, Wireless Attack, Cryptographic Attack",Real Attack,Confidentiality,"Serial Bus SPI, Component Key Fob JTAG, Software Key Fob firmware, RFID","All valid commands and all valid values for the SPI CMD and LEN fields were uncovered. Additionally, four undocumented commands were found, which indicated that two independent DST40 implementations and two unknown cryptographic functions were implemented.# Firmware was extracted# It was discovered that only one of the four crypto ciphers was used in which the key length is only 40 bits# Rolling code scheme was found which is vulnerable against jamming and eavesdropping# Key could be recovered","Actuator Key Transponder Texas Instruments TMS37F128 chip, with two dies: TMS37126 and MSP430F1232, SPI interface"
ATD-508,554.0,"756, 757",,"ID2019_rhys_MSA1_Step1, ID2019_rhys_MSA1_Step2_1#",ID2019_rhys_MSA1,Manipulating and tuning of vehicle functions using an OBD-CAN device,Jaguar can bus hacking rhys   https://www.reddit.com/r/CarHacking/comments/dknj5j/jaguar_can_bus_hacking_long_story_so_far/,2019.0,,,Yes,,Not Systemic,"CWE-693, CWE-284",CVSS:3.0/AV:A/AC:L/PR:N/UI:N/S:U/C:H/I:H/A:N,8.1,2.83525473,5.177088,A,,,,,AAD,,Bus Attack,Real Attack,"Confidentiality, Authentication",OBD,Reverse engineer CAN Bus signals for control panel# Control of car's control panel,Electronic Control Unit (ECU) Infotainment ECU
,,,,,,,,,,,,,508,,,,,,,,,,,,,,,,,,
